Date-Time,FB4.version,FB4.File_dir,FB4_Log_File,Species_Num,Species_txt,Values_from,Run_Name,Initial_W,fit.to,fit.to.value,First_day,Last_day,N_indiv,Oxycal,p-value,Total consumption (g),Final weight (g),Pop Number,Pop Biomass (g),Cum. Cons. Pop. (g),Run time (s),OK. Energy budget balanced.,Warning! p-value at upper limit. Model could not fit user-specified final weight.,T_File,Diet_prop_File,Prey_E_File,EGEQ,Indigestible_Prey,PREDEDEQ,Predator_ED,calc.pop_mort,Mortality_File,calc.spawn,Reproduction_File,calc.contaminant,Prey_conc_File,Contam_assim_File,Contam_trans_eff_File,Init_Pred-conc,Contam_EQ,calc.nut
Fri Dec 20 11:56:47 2019,v1.1.2,C:/Users/brade/Desktop/Bioenergetics,FB4_Log_File.csv,50,Northern pikeminnow,User input,User run,300,Weight,300,1,30,1,13560,5.000,4.872,274.618,1.000,274.618,4.872,0.180,0.000,5.000,Main Inputs/Temperature.csv,Main Inputs/Diet_prop.csv,Main Inputs/Prey_E.csv,1,NA,1,Main Inputs/Pred_E.csv,FALSE,NA,FALSE,NA,FALSE,NA,NA,NA,NA,NA,FALSE
Date-Time,FB4.version,FB4.File_dir,FB4_Log_File,Species_Num,Species_txt,Values_from,Run_Name,Initial_W,fit.to,fit.to.value,First_day,Last_day,N_indiv,Oxycal,p-value,Total consumption (g),Final weight (g),Pop Number,Pop Biomass (g),Cum. Cons. Pop. (g),Run time (s),OK. Energy budget balanced.,Warning! p-value at upper limit. Model could not fit user-specified final weight.,T_File,Diet_prop_File,Prey_E_File,EGEQ,Indigestible_Prey,PREDEDEQ,Predator_ED,calc.pop_mort,Mortality_File,calc.spawn,Reproduction_File,calc.contaminant,Prey_conc_File,Contam_assim_File,Contam_trans_eff_File,Init_Pred-conc,Contam_EQ,calc.nut
Fri Dec 20 11:58:56 2019,v1.1.2,C:/Users/brade/Desktop/Bioenergetics,FB4_Log_File.csv,50,Northern pikeminnow,User input,User run,300,Weight,300,1,30,1,13560,5.000,4.872,274.618,1.000,274.618,4.872,0.170,0.000,5.000,Main Inputs/Temperature.csv,Main Inputs/Diet_prop.csv,Main Inputs/Prey_E.csv,1,NA,1,Main Inputs/Pred_E.csv,FALSE,NA,FALSE,NA,FALSE,NA,NA,NA,NA,NA,FALSE
Date-Time,FB4.version,FB4.File_dir,FB4_Log_File,Species_Num,Species_txt,Values_from,Run_Name,Initial_W,fit.to,fit.to.value,First_day,Last_day,N_indiv,Oxycal,p-value,Total consumption (g),Final weight (g),Pop Number,Pop Biomass (g),Cum. Cons. Pop. (g),Run time (s),OK. Energy budget balanced.,Warning! p-value at upper limit. Model could not fit user-specified final weight.,T_File,Diet_prop_File,Prey_E_File,EGEQ,Indigestible_Prey,PREDEDEQ,Predator_ED,calc.pop_mort,Mortality_File,calc.spawn,Reproduction_File,calc.contaminant,Prey_conc_File,Contam_assim_File,Contam_trans_eff_File,Init_Pred-conc,Contam_EQ,calc.nut
Fri Dec 20 12:51:33 2019,v1.1.2,C:/Users/brade/Desktop/Bioenergetics,FB4_Log_File.csv,50,Northern pikeminnow,User input,User run,422,Consumption,422,1,60,1,13560,5.000,13.106,409.698,1.000,409.698,13.106,0.340,0.000,5.000,Main Inputs/Temperature.csv,Main Inputs/Diet_prop.csv,Main Inputs/Prey_E.csv,1,NA,1,Main Inputs/Pred_E.csv,FALSE,NA,FALSE,NA,FALSE,NA,NA,NA,NA,NA,FALSE
Date-Time,FB4.version,FB4.File_dir,FB4_Log_File,Species_Num,Species_txt,Values_from,Run_Name,Initial_W,fit.to,fit.to.value,First_day,Last_day,N_indiv,Oxycal,p-value,Total consumption (g),Final weight (g),Pop Number,Pop Biomass (g),Cum. Cons. Pop. (g),Run time (s),OK. Energy budget balanced.,Warning! p-value at upper limit. Model could not fit user-specified final weight.,T_File,Diet_prop_File,Prey_E_File,EGEQ,Indigestible_Prey,PREDEDEQ,Predator_ED,calc.pop_mort,Mortality_File,calc.spawn,Reproduction_File,calc.contaminant,Prey_conc_File,Contam_assim_File,Contam_trans_eff_File,Init_Pred-conc,Contam_EQ,calc.nut
Fri Dec 20 12:52:05 2019,v1.1.2,C:/Users/brade/Desktop/Bioenergetics,FB4_Log_File.csv,50,Northern pikeminnow,User input,User run,422,Weight,422,1,60,1,13560,5.000,13.106,409.698,1.000,409.698,13.106,0.300,0.000,5.000,Main Inputs/Temperature.csv,Main Inputs/Diet_prop.csv,Main Inputs/Prey_E.csv,1,NA,1,Main Inputs/Pred_E.csv,FALSE,NA,FALSE,NA,FALSE,NA,NA,NA,NA,NA,FALSE
Date-Time,FB4.version,FB4.File_dir,FB4_Log_File,Species_Num,Species_txt,Values_from,Run_Name,Initial_W,fit.to,fit.to.value,First_day,Last_day,N_indiv,Oxycal,p-value,Total consumption (g),Final weight (g),Pop Number,Pop Biomass (g),Cum. Cons. Pop. (g),Run time (s),OK. Energy budget balanced.,Warning! p-value at upper limit. Model could not fit user-specified final weight.,T_File,Diet_prop_File,Prey_E_File,EGEQ,Indigestible_Prey,PREDEDEQ,Predator_ED,calc.pop_mort,Mortality_File,calc.spawn,Reproduction_File,calc.contaminant,Prey_conc_File,Contam_assim_File,Contam_trans_eff_File,Init_Pred-conc,Contam_EQ,calc.nut
Fri Dec 20 12:53:15 2019,v1.1.2,C:/Users/brade/Desktop/Bioenergetics,FB4_Log_File.csv,50,Northern pikeminnow,User input,User run,422,Weight,422,1,60,1,13560,5.000,13.106,409.698,0.921,377.922,12.593,0.360,0.000,5.000,Main Inputs/Temperature.csv,Main Inputs/Diet_prop.csv,Main Inputs/Prey_E.csv,1,NA,1,Main Inputs/Pred_E.csv,TRUE,Sub-Models/Mortality/Mortality.csv,FALSE,NA,FALSE,NA,NA,NA,NA,NA,FALSE
Date-Time,FB4.version,FB4.File_dir,FB4_Log_File,Species_Num,Species_txt,Values_from,Run_Name,Initial_W,fit.to,fit.to.value,First_day,Last_day,N_indiv,Oxycal,p-value,Total consumption (g),Final weight (g),Pop Number,Pop Biomass (g),Cum. Cons. Pop. (g),Run time (s),OK. Energy budget balanced.,Warning! p-value at upper limit. Model could not fit user-specified final weight.,T_File,Diet_prop_File,Prey_E_File,EGEQ,Indigestible_Prey,PREDEDEQ,Predator_ED,calc.pop_mort,Mortality_File,calc.spawn,Reproduction_File,calc.contaminant,Prey_conc_File,Contam_assim_File,Contam_trans_eff_File,Init_Pred-conc,Contam_EQ,calc.nut
Fri Dec 20 14:36:03 2019,v1.1.2,C:/Users/brade/Desktop/Bioenergetics,FB4_Log_File.csv,50,Northern pikeminnow,User input,User run,422,Weight,422,1,60,1,13560,5.000,13.106,409.698,1.000,409.698,13.106,0.710,0.000,5.000,Main Inputs/Temperature.csv,Main Inputs/Diet_prop.csv,Main Inputs/Prey_E.csv,1,NA,1,Main Inputs/Pred_E.csv,FALSE,NA,FALSE,NA,FALSE,NA,NA,NA,NA,NA,FALSE
Date-Time,FB4.version,FB4.File_dir,FB4_Log_File,Species_Num,Species_txt,Values_from,Run_Name,Initial_W,fit.to,fit.to.value,First_day,Last_day,N_indiv,Oxycal,p-value,Total consumption (g),Final weight (g),Pop Number,Pop Biomass (g),Cum. Cons. Pop. (g),Run time (s),OK. Energy budget balanced.,Warning! p-value at upper limit. Model could not fit user-specified final weight.,T_File,Diet_prop_File,Prey_E_File,EGEQ,Indigestible_Prey,PREDEDEQ,Predator_ED,calc.pop_mort,Mortality_File,calc.spawn,Reproduction_File,calc.contaminant,Prey_conc_File,Contam_assim_File,Contam_trans_eff_File,Init_Pred-conc,Contam_EQ,calc.nut
Fri Dec 20 14:53:34 2019,v1.1.2,C:/Users/brade/Desktop/Bioenergetics,FB4_Log_File.csv,50,Northern pikeminnow,User input,User run,422,Weight,422,1,10,1,13560,5.000,2.206,419.934,1.000,419.934,2.206,0.440,0.000,5.000,Main Inputs/Temperature.csv,Main Inputs/Diet_prop.csv,Main Inputs/Prey_E.csv,1,NA,1,Main Inputs/Pred_E.csv,FALSE,NA,FALSE,NA,FALSE,NA,NA,NA,NA,NA,FALSE
Date-Time,FB4.version,FB4.File_dir,FB4_Log_File,Species_Num,Species_txt,Values_from,Run_Name,Initial_W,fit.to,fit.to.value,First_day,Last_day,N_indiv,Oxycal,p-value,Total consumption (g),Final weight (g),Pop Number,Pop Biomass (g),Cum. Cons. Pop. (g),Run time (s),OK. Energy budget balanced.,T_File,Diet_prop_File,Prey_E_File,EGEQ,Indigestible_Prey,PREDEDEQ,Predator_ED,calc.pop_mort,Mortality_File,calc.spawn,Reproduction_File,calc.contaminant,Prey_conc_File,Contam_assim_File,Contam_trans_eff_File,Init_Pred-conc,Contam_EQ,calc.nut
Fri Dec 20 14:57:50 2019,v1.1.2,C:/Users/brade/Desktop/Bioenergetics,FB4_Log_File.csv,50,Northern pikeminnow,User input,User run,422,Weight,422,1,60,1,13560,0.141095,2.569,422.000,1.000,422.000,2.569,0.640,0.000,Main Inputs/Temperature.csv,Main Inputs/Diet_prop.csv,Main Inputs/Prey_E.csv,1,NA,1,Main Inputs/Pred_E.csv,FALSE,NA,FALSE,NA,FALSE,NA,NA,NA,NA,NA,FALSE
Date-Time,FB4.version,FB4.File_dir,FB4_Log_File,Species_Num,Species_txt,Values_from,Run_Name,Initial_W,fit.to,fit.to.value,First_day,Last_day,N_indiv,Oxycal,p-value,Total consumption (g),Final weight (g),Pop Number,Pop Biomass (g),Cum. Cons. Pop. (g),Run time (s),OK. Energy budget balanced.,T_File,Diet_prop_File,Prey_E_File,EGEQ,Indigestible_Prey,PREDEDEQ,Predator_ED,calc.pop_mort,Mortality_File,calc.spawn,Reproduction_File,calc.contaminant,Prey_conc_File,Contam_assim_File,Contam_trans_eff_File,Init_Pred-conc,Contam_EQ,calc.nut
Fri Dec 20 15:00:16 2019,v1.1.2,C:/Users/brade/Desktop/Bioenergetics,FB4_Log_File.csv,50,Northern pikeminnow,User input,User run,422,Weight,422,1,60,1,13560,0.423286,7.708,422.000,1.000,422.000,7.708,0.640,0.000,Main Inputs/Temperature.csv,Main Inputs/Diet_prop.csv,Main Inputs/Prey_E.csv,1,NA,1,Main Inputs/Pred_E.csv,FALSE,NA,FALSE,NA,FALSE,NA,NA,NA,NA,NA,FALSE
Date-Time,FB4.version,FB4.File_dir,FB4_Log_File,Species_Num,Species_txt,Values_from,Run_Name,Initial_W,fit.to,fit.to.value,First_day,Last_day,N_indiv,Oxycal,p-value,Total consumption (g),Final weight (g),Pop Number,Pop Biomass (g),Cum. Cons. Pop. (g),Run time (s),OK. Energy budget balanced.,T_File,Diet_prop_File,Prey_E_File,EGEQ,Indigestible_Prey,PREDEDEQ,Predator_ED,calc.pop_mort,Mortality_File,calc.spawn,Reproduction_File,calc.contaminant,Prey_conc_File,Contam_assim_File,Contam_trans_eff_File,Init_Pred-conc,Contam_EQ,calc.nut
Fri Dec 20 15:10:00 2019,v1.1.2,C:/Users/brade/Desktop/Bioenergetics,FB4_Log_File.csv,50,Northern pikeminnow,User input,User run,422,Weight,422,1,60,1,13560,0.705477,12.847,422.000,1.000,422.000,12.847,0.700,0.000,Main Inputs/Temperature.csv,Main Inputs/Diet_prop.csv,Main Inputs/Prey_E.csv,1,NA,1,Main Inputs/Pred_E.csv,FALSE,NA,FALSE,NA,FALSE,NA,NA,NA,NA,NA,FALSE
Date-Time,FB4.version,FB4.File_dir,FB4_Log_File,Species_Num,Species_txt,Values_from,Run_Name,Initial_W,fit.to,fit.to.value,First_day,Last_day,N_indiv,Oxycal,p-value,Total consumption (g),Final weight (g),Pop Number,Pop Biomass (g),Cum. Cons. Pop. (g),Run time (s),OK. Energy budget balanced.,T_File,Diet_prop_File,Prey_E_File,EGEQ,Indigestible_Prey,PREDEDEQ,Predator_ED,calc.pop_mort,Mortality_File,calc.spawn,Reproduction_File,calc.contaminant,Prey_conc_File,Contam_assim_File,Contam_trans_eff_File,Init_Pred-conc,Contam_EQ,calc.nut
Fri Dec 20 15:12:17 2019,v1.1.2,C:/Users/brade/Desktop/Bioenergetics,FB4_Log_File.csv,50,Northern pikeminnow,User input,User run,422,Weight,422,1,120,1,13560,0.939829,23.283,422.000,1.000,422.000,23.283,1.000,0.000,Main Inputs/Temperature.csv,Main Inputs/Diet_prop.csv,Main Inputs/Prey_E.csv,1,NA,1,Main Inputs/Pred_E.csv,FALSE,NA,FALSE,NA,FALSE,NA,NA,NA,NA,NA,FALSE
Date-Time,FB4.version,FB4.File_dir,FB4_Log_File,Species_Num,Species_txt,Values_from,Run_Name,Initial_W,fit.to,fit.to.value,First_day,Last_day,N_indiv,Oxycal,p-value,Total consumption (g),Final weight (g),Pop Number,Pop Biomass (g),Cum. Cons. Pop. (g),Run time (s),OK. Energy budget balanced.,T_File,Diet_prop_File,Prey_E_File,EGEQ,Indigestible_Prey,PREDEDEQ,Predator_ED,calc.pop_mort,Mortality_File,calc.spawn,Reproduction_File,calc.contaminant,Prey_conc_File,Contam_assim_File,Contam_trans_eff_File,Init_Pred-conc,Contam_EQ,calc.nut
Fri Dec 20 15:13:58 2019,v1.1.2,C:/Users/brade/Desktop/Bioenergetics,FB4_Log_File.csv,50,Northern pikeminnow,User input,User run,422,Weight,422,1,280,1,13560,1.250096,50.408,422.000,1.000,422.000,50.408,1.150,0.000,Main Inputs/Temperature.csv,Main Inputs/Diet_prop.csv,Main Inputs/Prey_E.csv,1,NA,1,Main Inputs/Pred_E.csv,FALSE,NA,FALSE,NA,FALSE,NA,NA,NA,NA,NA,FALSE
Date-Time,FB4.version,FB4.File_dir,FB4_Log_File,Species_Num,Species_txt,Values_from,Run_Name,Initial_W,fit.to,fit.to.value,First_day,Last_day,N_indiv,Oxycal,p-value,Total consumption (g),Final weight (g),Pop Number,Pop Biomass (g),Cum. Cons. Pop. (g),Run time (s),OK. Energy budget balanced.,T_File,Diet_prop_File,Prey_E_File,EGEQ,Indigestible_Prey,PREDEDEQ,Predator_ED,calc.pop_mort,Mortality_File,calc.spawn,Reproduction_File,calc.contaminant,Prey_conc_File,Contam_assim_File,Contam_trans_eff_File,Init_Pred-conc,Contam_EQ,calc.nut
Mon Dec 30 09:17:02 2019,v1.1.2,C:/Users/brade/Desktop/Bioenergetics,FB4_Log_File.csv,50,Northern pikeminnow,User input,User run,422,Weight,422,1,30,1,13560,1.968769,17.926,422.000,1.000,422.000,17.926,0.530,0.000,Main Inputs/Temperature.csv,Main Inputs/Diet_prop.csv,Main Inputs/Prey_E.csv,1,NA,1,Main Inputs/Pred_E.csv,FALSE,NA,FALSE,NA,FALSE,NA,NA,NA,NA,NA,FALSE
Date-Time,FB4.version,FB4.File_dir,FB4_Log_File,Species_Num,Species_txt,Values_from,Run_Name,Initial_W,fit.to,fit.to.value,First_day,Last_day,N_indiv,Oxycal,p-value,Total consumption (g),Final weight (g),Pop Number,Pop Biomass (g),Cum. Cons. Pop. (g),Run time (s),OK. Energy budget balanced.,T_File,Diet_prop_File,Prey_E_File,EGEQ,Indigestible_Prey,PREDEDEQ,Predator_ED,calc.pop_mort,Mortality_File,calc.spawn,Reproduction_File,calc.contaminant,Prey_conc_File,Contam_assim_File,Contam_trans_eff_File,Init_Pred-conc,Contam_EQ,calc.nut
Mon Dec 30 09:18:31 2019,v1.1.2,C:/Users/brade/Desktop/Bioenergetics,FB4_Log_File.csv,50,Northern pikeminnow,User input,User run,422,Ration_prey,5000000,1,30,1,13560,NA,1.5e+08,294918988.567,1.000,294918988.567,1.5e+08,0.090,0.000,Main Inputs/Temperature.csv,Main Inputs/Diet_prop.csv,Main Inputs/Prey_E.csv,1,NA,1,Main Inputs/Pred_E.csv,FALSE,NA,FALSE,NA,FALSE,NA,NA,NA,NA,NA,FALSE
Date-Time,FB4.version,FB4.File_dir,FB4_Log_File,Species_Num,Species_txt,Values_from,Run_Name,Initial_W,fit.to,fit.to.value,First_day,Last_day,N_indiv,Oxycal,p-value,Total consumption (g),Final weight (g),Pop Number,Pop Biomass (g),Cum. Cons. Pop. (g),Run time (s),OK. Energy budget balanced.,T_File,Diet_prop_File,Prey_E_File,EGEQ,Indigestible_Prey,PREDEDEQ,Predator_ED,calc.pop_mort,Mortality_File,calc.spawn,Reproduction_File,calc.contaminant,Prey_conc_File,Contam_assim_File,Contam_trans_eff_File,Init_Pred-conc,Contam_EQ,calc.nut
Mon Dec 30 09:19:00 2019,v1.1.2,C:/Users/brade/Desktop/Bioenergetics,FB4_Log_File.csv,50,Northern pikeminnow,User input,User run,422,Weight,422,1,30,1,13560,1.968769,17.926,422.000,1.000,422.000,17.926,0.160,0.000,Main Inputs/Temperature.csv,Main Inputs/Diet_prop.csv,Main Inputs/Prey_E.csv,1,NA,1,Main Inputs/Pred_E.csv,FALSE,NA,FALSE,NA,FALSE,NA,NA,NA,NA,NA,FALSE
Date-Time,FB4.version,FB4.File_dir,FB4_Log_File,Species_Num,Species_txt,Values_from,Run_Name,Initial_W,fit.to,fit.to.value,First_day,Last_day,N_indiv,Oxycal,p-value,Total consumption (g),Final weight (g),Pop Number,Pop Biomass (g),Cum. Cons. Pop. (g),Run time (s),OK. Energy budget balanced.,T_File,Diet_prop_File,Prey_E_File,EGEQ,Indigestible_Prey,PREDEDEQ,Predator_ED,calc.pop_mort,Mortality_File,calc.spawn,Reproduction_File,calc.contaminant,Prey_conc_File,Contam_assim_File,Contam_trans_eff_File,Init_Pred-conc,Contam_EQ,calc.nut
Mon Dec 30 09:19:16 2019,v1.1.2,C:/Users/brade/Desktop/Bioenergetics,FB4_Log_File.csv,50,Northern pikeminnow,User input,User run,422,Weight,422,1,300,1,13560,3.285751,153.045,422.000,1.000,422.000,153.045,1.300,0.000,Main Inputs/Temperature.csv,Main Inputs/Diet_prop.csv,Main Inputs/Prey_E.csv,1,NA,1,Main Inputs/Pred_E.csv,FALSE,NA,FALSE,NA,FALSE,NA,NA,NA,NA,NA,FALSE
Date-Time,FB4.version,FB4.File_dir,FB4_Log_File,Species_Num,Species_txt,Values_from,Run_Name,Initial_W,fit.to,fit.to.value,First_day,Last_day,N_indiv,Oxycal,p-value,Total consumption (g),Final weight (g),Pop Number,Pop Biomass (g),Cum. Cons. Pop. (g),Run time (s),OK. Energy budget balanced.,T_File,Diet_prop_File,Prey_E_File,EGEQ,Indigestible_Prey,PREDEDEQ,Predator_ED,calc.pop_mort,Mortality_File,calc.spawn,Reproduction_File,calc.contaminant,Prey_conc_File,Contam_assim_File,Contam_trans_eff_File,Init_Pred-conc,Contam_EQ,calc.nut
Mon Dec 30 10:44:30 2019,v1.1.2,C:/Users/brade/Desktop/Bioenergetics,FB4_Log_File.csv,50,Northern pikeminnow,User input,User run,422,Weight,422,1,60,1,13560,1.968769,35.853,422.000,1.000,422.000,35.853,0.260,0.000,Main Inputs/Temperature.csv,Main Inputs/Diet_prop.csv,Main Inputs/Prey_E.csv,1,NA,1,Main Inputs/Pred_E.csv,FALSE,NA,FALSE,NA,FALSE,NA,NA,NA,NA,NA,FALSE
Date-Time,FB4.version,FB4.File_dir,FB4_Log_File,Species_Num,Species_txt,Values_from,Run_Name,Initial_W,fit.to,fit.to.value,First_day,Last_day,N_indiv,Oxycal,p-value,Total consumption (g),Final weight (g),Pop Number,Pop Biomass (g),Cum. Cons. Pop. (g),Run time (s),OK. Energy budget balanced.,T_File,Diet_prop_File,Prey_E_File,EGEQ,Indigestible_Prey,PREDEDEQ,Predator_ED,calc.pop_mort,Mortality_File,calc.spawn,Reproduction_File,calc.contaminant,Prey_conc_File,Contam_assim_File,Contam_trans_eff_File,Init_Pred-conc,Contam_EQ,calc.nut
Mon Dec 30 12:22:38 2019,v1.1.2,C:/Users/brade/Desktop/Bioenergetics,FB4_Log_File.csv,50,Northern pikeminnow,User input,User run,422,Weight,422,1,91,1,13560,0.187039,88.986,422.000,1.000,422.000,88.986,0.850,0.000,Main Inputs/Temperature.csv,Main Inputs/Diet_prop.csv,Main Inputs/Prey_E.csv,1,NA,1,Main Inputs/Pred_E.csv,FALSE,NA,FALSE,NA,FALSE,NA,NA,NA,NA,NA,FALSE
Date-Time,FB4.version,FB4.File_dir,FB4_Log_File,Species_Num,Species_txt,Values_from,Run_Name,Initial_W,fit.to,fit.to.value,First_day,Last_day,N_indiv,Oxycal,p-value,Total consumption (g),Final weight (g),Pop Number,Pop Biomass (g),Cum. Cons. Pop. (g),Run time (s),OK. Energy budget balanced.,T_File,Diet_prop_File,Prey_E_File,EGEQ,Indigestible_Prey,PREDEDEQ,Predator_ED,calc.pop_mort,Mortality_File,calc.spawn,Reproduction_File,calc.contaminant,Prey_conc_File,Contam_assim_File,Contam_trans_eff_File,Init_Pred-conc,Contam_EQ,calc.nut
Mon Dec 30 12:23:52 2019,v1.1.2,C:/Users/brade/Desktop/Bioenergetics,FB4_Log_File.csv,50,Northern pikeminnow,User input,User run,400,Weight,422,1,91,1,13560,0.212497,98.953,422.000,1.000,422.000,98.953,0.390,0.000,Main Inputs/Temperature.csv,Main Inputs/Diet_prop.csv,Main Inputs/Prey_E.csv,1,NA,1,Main Inputs/Pred_E.csv,FALSE,NA,FALSE,NA,FALSE,NA,NA,NA,NA,NA,FALSE
Date-Time,FB4.version,FB4.File_dir,FB4_Log_File,Species_Num,Species_txt,Values_from,Run_Name,Initial_W,fit.to,fit.to.value,First_day,Last_day,N_indiv,Oxycal,p-value,Total consumption (g),Final weight (g),Pop Number,Pop Biomass (g),Cum. Cons. Pop. (g),Run time (s),OK. Energy budget balanced.,T_File,Diet_prop_File,Prey_E_File,EGEQ,Indigestible_Prey,PREDEDEQ,Predator_ED,calc.pop_mort,Mortality_File,calc.spawn,Reproduction_File,calc.contaminant,Prey_conc_File,Contam_assim_File,Contam_trans_eff_File,Init_Pred-conc,Contam_EQ,calc.nut
Mon Dec 30 12:24:32 2019,v1.1.2,C:/Users/brade/Desktop/Bioenergetics,FB4_Log_File.csv,50,Northern pikeminnow,User input,User run,422,Weight,422,1,91,1,13560,0.187039,88.986,422.000,1.000,422.000,88.986,0.460,0.000,Main Inputs/Temperature.csv,Main Inputs/Diet_prop.csv,Main Inputs/Prey_E.csv,1,NA,1,Main Inputs/Pred_E.csv,FALSE,NA,FALSE,NA,FALSE,NA,NA,NA,NA,NA,FALSE
Date-Time,FB4.version,FB4.File_dir,FB4_Log_File,Species_Num,Species_txt,Values_from,Run_Name,Initial_W,fit.to,fit.to.value,First_day,Last_day,N_indiv,Oxycal,p-value,Total consumption (g),Final weight (g),Pop Number,Pop Biomass (g),Cum. Cons. Pop. (g),Run time (s),OK. Energy budget balanced.,T_File,Diet_prop_File,Prey_E_File,EGEQ,Indigestible_Prey,PREDEDEQ,Predator_ED,calc.pop_mort,Mortality_File,calc.spawn,Reproduction_File,calc.contaminant,Prey_conc_File,Contam_assim_File,Contam_trans_eff_File,Init_Pred-conc,Contam_EQ,calc.nut
Mon Dec 30 12:24:56 2019,v1.1.2,C:/Users/brade/Desktop/Bioenergetics,FB4_Log_File.csv,50,Northern pikeminnow,User input,User run,300,Weight,422,1,91,1,13560,0.345187,143.804,422.000,1.000,422.000,143.804,0.390,0.000,Main Inputs/Temperature.csv,Main Inputs/Diet_prop.csv,Main Inputs/Prey_E.csv,1,NA,1,Main Inputs/Pred_E.csv,FALSE,NA,FALSE,NA,FALSE,NA,NA,NA,NA,NA,FALSE
Date-Time,FB4.version,FB4.File_dir,FB4_Log_File,Species_Num,Species_txt,Values_from,Run_Name,Initial_W,fit.to,fit.to.value,First_day,Last_day,N_indiv,Oxycal,p-value,Total consumption (g),Final weight (g),Pop Number,Pop Biomass (g),Cum. Cons. Pop. (g),Run time (s),OK. Energy budget balanced.,T_File,Diet_prop_File,Prey_E_File,EGEQ,Indigestible_Prey,PREDEDEQ,Predator_ED,calc.pop_mort,Mortality_File,calc.spawn,Reproduction_File,calc.contaminant,Prey_conc_File,Contam_assim_File,Contam_trans_eff_File,Init_Pred-conc,Contam_EQ,calc.nut
Mon Dec 30 12:33:17 2019,v1.1.2,C:/Users/brade/Desktop/Bioenergetics,FB4_Log_File.csv,50,Northern pikeminnow,User input,User run,417,Weight,422,1,91,1,13560,0.192728,91.254,422.000,1.000,422.000,91.254,0.470,0.000,Main Inputs/Temperature.csv,Main Inputs/Diet_prop.csv,Main Inputs/Prey_E.csv,1,NA,1,Main Inputs/Pred_E.csv,FALSE,NA,FALSE,NA,FALSE,NA,NA,NA,NA,NA,FALSE
Date-Time,FB4.version,FB4.File_dir,FB4_Log_File,Species_Num,Species_txt,Values_from,Run_Name,Initial_W,fit.to,fit.to.value,First_day,Last_day,N_indiv,Oxycal,p-value,Total consumption (g),Final weight (g),Pop Number,Pop Biomass (g),Cum. Cons. Pop. (g),Run time (s),OK. Energy budget balanced.,T_File,Diet_prop_File,Prey_E_File,EGEQ,Indigestible_Prey,PREDEDEQ,Predator_ED,calc.pop_mort,Mortality_File,calc.spawn,Reproduction_File,calc.contaminant,Prey_conc_File,Contam_assim_File,Contam_trans_eff_File,Init_Pred-conc,Contam_EQ,calc.nut
Mon Dec 30 12:33:25 2019,v1.1.2,C:/Users/brade/Desktop/Bioenergetics,FB4_Log_File.csv,50,Northern pikeminnow,User input,User run,412,Weight,422,1,91,1,13560,0.198472,93.520,422.000,1.000,422.000,93.520,0.430,0.000,Main Inputs/Temperature.csv,Main Inputs/Diet_prop.csv,Main Inputs/Prey_E.csv,1,NA,1,Main Inputs/Pred_E.csv,FALSE,NA,FALSE,NA,FALSE,NA,NA,NA,NA,NA,FALSE
Date-Time,FB4.version,FB4.File_dir,FB4_Log_File,Species_Num,Species_txt,Values_from,Run_Name,Initial_W,fit.to,fit.to.value,First_day,Last_day,N_indiv,Oxycal,p-value,Total consumption (g),Final weight (g),Pop Number,Pop Biomass (g),Cum. Cons. Pop. (g),Run time (s),OK. Energy budget balanced.,T_File,Diet_prop_File,Prey_E_File,EGEQ,Indigestible_Prey,PREDEDEQ,Predator_ED,calc.pop_mort,Mortality_File,calc.spawn,Reproduction_File,calc.contaminant,Prey_conc_File,Contam_assim_File,Contam_trans_eff_File,Init_Pred-conc,Contam_EQ,calc.nut
Mon Dec 30 12:51:43 2019,v1.1.2,C:/Users/brade/Desktop/Bioenergetics,FB4_Log_File.csv,50,Northern pikeminnow,User input,User run,500,Weight,500,1,91,1,13560,1.939606,61.388,500.000,1.000,500.000,61.388,0.830,0.000,Main Inputs/Temperature.csv,Main Inputs/Diet_prop.csv,Main Inputs/Prey_E.csv,1,NA,1,Main Inputs/Pred_E.csv,FALSE,NA,FALSE,NA,FALSE,NA,NA,NA,NA,NA,FALSE
Date-Time,FB4.version,FB4.File_dir,FB4_Log_File,Species_Num,Species_txt,Values_from,Run_Name,Initial_W,fit.to,fit.to.value,First_day,Last_day,N_indiv,Oxycal,p-value,Total consumption (g),Final weight (g),Pop Number,Pop Biomass (g),Cum. Cons. Pop. (g),Run time (s),OK. Energy budget balanced.,T_File,Diet_prop_File,Prey_E_File,EGEQ,Indigestible_Prey,PREDEDEQ,Predator_ED,calc.pop_mort,Mortality_File,calc.spawn,Reproduction_File,calc.contaminant,Prey_conc_File,Contam_assim_File,Contam_trans_eff_File,Init_Pred-conc,Contam_EQ,calc.nut
Mon Dec 30 12:56:22 2019,v1.1.2,C:/Users/brade/Desktop/Bioenergetics,FB4_Log_File.csv,50,Northern pikeminnow,User input,User run,771,Weight,771,1,91,1,13560,1.867077,83.668,771.000,1.000,771.000,83.668,0.390,0.000,Main Inputs/Temperature.csv,Main Inputs/Diet_prop.csv,Main Inputs/Prey_E.csv,1,NA,1,Main Inputs/Pred_E.csv,FALSE,NA,FALSE,NA,FALSE,NA,NA,NA,NA,NA,FALSE
Date-Time,FB4.version,FB4.File_dir,FB4_Log_File,Species_Num,Species_txt,Values_from,Run_Name,Initial_W,fit.to,fit.to.value,First_day,Last_day,N_indiv,Oxycal,p-value,Total consumption (g),Final weight (g),Pop Number,Pop Biomass (g),Cum. Cons. Pop. (g),Run time (s),OK. Energy budget balanced.,T_File,Diet_prop_File,Prey_E_File,EGEQ,Indigestible_Prey,PREDEDEQ,Predator_ED,calc.pop_mort,Mortality_File,calc.spawn,Reproduction_File,calc.contaminant,Prey_conc_File,Contam_assim_File,Contam_trans_eff_File,Init_Pred-conc,Contam_EQ,calc.nut
Mon Dec 30 14:22:37 2019,v1.1.2,C:/Users/brade/Desktop/Bioenergetics,FB4_Log_File.csv,50,Northern pikeminnow,User input,User run,1255.2,Weight,1255.2,1,91,1,13560,1.788694,118.549,1255.200,1.000,1255.200,118.549,0.880,0.000,Main Inputs/Temperature.csv,Main Inputs/Diet_prop.csv,Main Inputs/Prey_E.csv,1,NA,1,Main Inputs/Pred_E.csv,FALSE,NA,FALSE,NA,FALSE,NA,NA,NA,NA,NA,FALSE
Date-Time,FB4.version,FB4.File_dir,FB4_Log_File,Species_Num,Species_txt,Values_from,Run_Name,Initial_W,fit.to,fit.to.value,First_day,Last_day,N_indiv,Oxycal,p-value,Total consumption (g),Final weight (g),Pop Number,Pop Biomass (g),Cum. Cons. Pop. (g),Run time (s),OK. Energy budget balanced.,T_File,Diet_prop_File,Prey_E_File,EGEQ,Indigestible_Prey,PREDEDEQ,Predator_ED,calc.pop_mort,Mortality_File,calc.spawn,Reproduction_File,calc.contaminant,Prey_conc_File,Contam_assim_File,Contam_trans_eff_File,Init_Pred-conc,Contam_EQ,calc.nut
Mon Dec 30 17:10:59 2019,v1.1.2,C:/Users/brade/Desktop/Bioenergetics,FB4_Log_File.csv,50,Northern pikeminnow,User input,User run,1255.2,Weight,1255.2,1,91,1,13560,0.107379,250.714,1255.200,1.000,1255.200,250.714,0.950,0.000,Main Inputs/Temperature.csv,Main Inputs/Diet_prop.csv,Main Inputs/Prey_E.csv,1,NA,1,Main Inputs/Pred_E.csv,FALSE,NA,FALSE,NA,FALSE,NA,NA,NA,NA,NA,FALSE
Date-Time,FB4.version,FB4.File_dir,FB4_Log_File,Species_Num,Species_txt,Values_from,Run_Name,Initial_W,fit.to,fit.to.value,First_day,Last_day,N_indiv,Oxycal,p-value,Total consumption (g),Final weight (g),Pop Number,Pop Biomass (g),Cum. Cons. Pop. (g),Run time (s),OK. Energy budget balanced.,T_File,Diet_prop_File,Prey_E_File,EGEQ,Indigestible_Prey,PREDEDEQ,Predator_ED,calc.pop_mort,Mortality_File,calc.spawn,Reproduction_File,calc.contaminant,Prey_conc_File,Contam_assim_File,Contam_trans_eff_File,Init_Pred-conc,Contam_EQ,calc.nut
Mon Dec 30 17:13:23 2019,v1.1.2,C:/Users/brade/Desktop/Bioenergetics,FB4_Log_File.csv,50,Northern pikeminnow,User input,User run,1205.2,Weight,1255.2,1,91,1,13560,0.119095,273.537,1255.200,1.000,1255.200,273.537,0.420,0.000,Main Inputs/Temperature.csv,Main Inputs/Diet_prop.csv,Main Inputs/Prey_E.csv,1,NA,1,Main Inputs/Pred_E.csv,FALSE,NA,FALSE,NA,FALSE,NA,NA,NA,NA,NA,FALSE
Date-Time,FB4.version,FB4.File_dir,FB4_Log_File,Species_Num,Species_txt,Values_from,Run_Name,Initial_W,fit.to,fit.to.value,First_day,Last_day,N_indiv,Oxycal,p-value,Total consumption (g),Final weight (g),Pop Number,Pop Biomass (g),Cum. Cons. Pop. (g),Run time (s),OK. Energy budget balanced.,T_File,Diet_prop_File,Prey_E_File,EGEQ,Indigestible_Prey,PREDEDEQ,Predator_ED,calc.pop_mort,Mortality_File,calc.spawn,Reproduction_File,calc.contaminant,Prey_conc_File,Contam_assim_File,Contam_trans_eff_File,Init_Pred-conc,Contam_EQ,calc.nut
Mon Dec 30 17:17:24 2019,v1.1.2,C:/Users/brade/Desktop/Bioenergetics,FB4_Log_File.csv,50,Northern pikeminnow,User input,User run,1155.2,Weight,1255.2,1,91,1,13560,0.13122,296.309,1255.200,1.000,1255.200,296.309,0.420,0.000,Main Inputs/Temperature.csv,Main Inputs/Diet_prop.csv,Main Inputs/Prey_E.csv,1,NA,1,Main Inputs/Pred_E.csv,FALSE,NA,FALSE,NA,FALSE,NA,NA,NA,NA,NA,FALSE
Date-Time,FB4.version,FB4.File_dir,FB4_Log_File,Species_Num,Species_txt,Values_from,Run_Name,Initial_W,fit.to,fit.to.value,First_day,Last_day,N_indiv,Oxycal,p-value,Total consumption (g),Final weight (g),Pop Number,Pop Biomass (g),Cum. Cons. Pop. (g),Run time (s),OK. Energy budget balanced.,T_File,Diet_prop_File,Prey_E_File,EGEQ,Indigestible_Prey,PREDEDEQ,Predator_ED,calc.pop_mort,Mortality_File,calc.spawn,Reproduction_File,calc.contaminant,Prey_conc_File,Contam_assim_File,Contam_trans_eff_File,Init_Pred-conc,Contam_EQ,calc.nut
Mon Dec 30 17:18:26 2019,v1.1.2,C:/Users/brade/Desktop/Bioenergetics,FB4_Log_File.csv,50,Northern pikeminnow,User input,User run,1055.2,Weight,1255.2,1,91,1,13560,0.156835,341.690,1255.200,1.000,1255.200,341.690,0.440,0.000,Main Inputs/Temperature.csv,Main Inputs/Diet_prop.csv,Main Inputs/Prey_E.csv,1,NA,1,Main Inputs/Pred_E.csv,FALSE,NA,FALSE,NA,FALSE,NA,NA,NA,NA,NA,FALSE
Date-Time,FB4.version,FB4.File_dir,FB4_Log_File,Species_Num,Species_txt,Values_from,Run_Name,Initial_W,fit.to,fit.to.value,First_day,Last_day,N_indiv,Oxycal,p-value,Total consumption (g),Final weight (g),Pop Number,Pop Biomass (g),Cum. Cons. Pop. (g),Run time (s),OK. Energy budget balanced.,T_File,Diet_prop_File,Prey_E_File,EGEQ,Indigestible_Prey,PREDEDEQ,Predator_ED,calc.pop_mort,Mortality_File,calc.spawn,Reproduction_File,calc.contaminant,Prey_conc_File,Contam_assim_File,Contam_trans_eff_File,Init_Pred-conc,Contam_EQ,calc.nut
Mon Mar 16 12:51:04 2020,v1.1.2,C:/Users/lottb/Merck Sharp & Dohme, Corp/Biomark Deadwater Predator Assessment - General/Bioenergetics,FB4_Log_File.csv,50,Northern pikeminnow,User input,User run,422,Consumption,422,1,90,1,13560,0.309299,422.000,922.266,1.000,922.266,422.000,0.310,0.000,Main Inputs/Temperature.csv,Main Inputs/Diet_prop.csv,Main Inputs/Prey_E.csv,1,NA,1,Main Inputs/Pred_E.csv,FALSE,NA,FALSE,NA,FALSE,NA,NA,NA,NA,NA,FALSE
Date-Time,FB4.version,FB4.File_dir,FB4_Log_File,Species_Num,Species_txt,Values_from,Run_Name,Initial_W,fit.to,fit.to.value,First_day,Last_day,N_indiv,Oxycal,p-value,Total consumption (g),Final weight (g),Pop Number,Pop Biomass (g),Cum. Cons. Pop. (g),Run time (s),OK. Energy budget balanced.,T_File,Diet_prop_File,Prey_E_File,EGEQ,Indigestible_Prey,PREDEDEQ,Predator_ED,calc.pop_mort,Mortality_File,calc.spawn,Reproduction_File,calc.contaminant,Prey_conc_File,Contam_assim_File,Contam_trans_eff_File,Init_Pred-conc,Contam_EQ,calc.nut
Mon Mar 16 12:51:18 2020,v1.1.2,C:/Users/lottb/Merck Sharp & Dohme, Corp/Biomark Deadwater Predator Assessment - General/Bioenergetics,FB4_Log_File.csv,50,Northern pikeminnow,User input,User run,422,Weight,422,1,90,1,13560,0.117546,116.044,422.000,1.000,422.000,116.044,0.270,0.000,Main Inputs/Temperature.csv,Main Inputs/Diet_prop.csv,Main Inputs/Prey_E.csv,1,NA,1,Main Inputs/Pred_E.csv,FALSE,NA,FALSE,NA,FALSE,NA,NA,NA,NA,NA,FALSE
Date-Time,FB4.version,FB4.File_dir,FB4_Log_File,Species_Num,Species_txt,Values_from,Run_Name,Initial_W,fit.to,fit.to.value,First_day,Last_day,N_indiv,Oxycal,p-value,Total consumption (g),Final weight (g),Pop Number,Pop Biomass (g),Cum. Cons. Pop. (g),Run time (s),OK. Energy budget balanced.,T_File,Diet_prop_File,Prey_E_File,EGEQ,Indigestible_Prey,PREDEDEQ,Predator_ED,calc.pop_mort,Mortality_File,calc.spawn,Reproduction_File,calc.contaminant,Prey_conc_File,Contam_assim_File,Contam_trans_eff_File,Init_Pred-conc,Contam_EQ,calc.nut
Mon Mar 16 14:04:09 2020,v1.1.2,C:/Users/lottb/Merck Sharp & Dohme, Corp/Biomark Deadwater Predator Assessment - General/Bioenergetics,FB4_Log_File.csv,50,Northern pikeminnow,User input,User run,1255,Weight,1255,1,91,1,13560,0.107381,250.686,1255.000,1.000,1255.000,250.686,0.820,0.000,Main Inputs/Temperature.csv,Main Inputs/Diet_prop.csv,Main Inputs/Prey_E.csv,1,NA,1,Main Inputs/Pred_E.csv,FALSE,NA,FALSE,NA,FALSE,NA,NA,NA,NA,NA,FALSE
Date-Time,FB4.version,FB4.File_dir,FB4_Log_File,Species_Num,Species_txt,Values_from,Run_Name,Initial_W,fit.to,fit.to.value,First_day,Last_day,N_indiv,Oxycal,p-value,Total consumption (g),Final weight (g),Pop Number,Pop Biomass (g),Cum. Cons. Pop. (g),Run time (s),OK. Energy budget balanced.,T_File,Diet_prop_File,Prey_E_File,EGEQ,Indigestible_Prey,PREDEDEQ,Predator_ED,calc.pop_mort,Mortality_File,calc.spawn,Reproduction_File,calc.contaminant,Prey_conc_File,Contam_assim_File,Contam_trans_eff_File,Init_Pred-conc,Contam_EQ,calc.nut
Tue Nov 17 13:26:42 2020,v1.1.2,C:/Users/porterni/Merck Sharp & Dohme, Corp/Biomark Deadwater Predator Assessment - Documents/General/2020/Bioenergetics,FB4_Log_File.csv,50,Northern pikeminnow,User input,User run,3000,Weight,3000,1,78,1,13560,0.230084,1103.834,3000.000,1.000,3000.000,1103.834,0.300,0.000,Main Inputs/Temperature.csv,Main Inputs/Diet_prop.csv,Main Inputs/Prey_E.csv,1,NA,1,Main Inputs/Pred_E.csv,FALSE,NA,FALSE,NA,FALSE,NA,NA,NA,NA,NA,FALSE
Date-Time,FB4.version,FB4.File_dir,FB4_Log_File,Species_Num,Species_txt,Values_from,Run_Name,Initial_W,fit.to,fit.to.value,First_day,Last_day,N_indiv,Oxycal,p-value,Total consumption (g),Final weight (g),Pop Number,Pop Biomass (g),Cum. Cons. Pop. (g),Run time (s),OK. Energy budget balanced.,T_File,Diet_prop_File,Prey_E_File,EGEQ,Indigestible_Prey,PREDEDEQ,Predator_ED,calc.pop_mort,Mortality_File,calc.spawn,Reproduction_File,calc.contaminant,Prey_conc_File,Contam_assim_File,Contam_trans_eff_File,Init_Pred-conc,Contam_EQ,calc.nut
Tue Nov 17 13:35:19 2020,v1.1.2,C:/Users/porterni/Merck Sharp & Dohme, Corp/Biomark Deadwater Predator Assessment - Documents/General/2020/Bioenergetics,FB4_Log_File.csv,50,Northern pikeminnow,User input,User run,1255.2,Weight,1255.2,1,78,1,13560,0.24825,595.726,1255.200,1.000,1255.200,595.726,0.280,0.000,Main Inputs/Temperature.csv,Main Inputs/Diet_prop.csv,Main Inputs/Prey_E.csv,1,NA,1,Main Inputs/Pred_E.csv,FALSE,NA,FALSE,NA,FALSE,NA,NA,NA,NA,NA,FALSE
Date-Time,FB4.version,FB4.File_dir,FB4_Log_File,Species_Num,Species_txt,Values_from,Run_Name,Initial_W,fit.to,fit.to.value,First_day,Last_day,N_indiv,Oxycal,p-value,Total consumption (g),Final weight (g),Pop Number,Pop Biomass (g),Cum. Cons. Pop. (g),Run time (s),OK. Energy budget balanced.,T_File,Diet_prop_File,Prey_E_File,EGEQ,Indigestible_Prey,PREDEDEQ,Predator_ED,calc.pop_mort,Mortality_File,calc.spawn,Reproduction_File,calc.contaminant,Prey_conc_File,Contam_assim_File,Contam_trans_eff_File,Init_Pred-conc,Contam_EQ,calc.nut
Tue Nov 17 13:47:08 2020,v1.1.2,C:/Users/porterni/Merck Sharp & Dohme, Corp/Biomark Deadwater Predator Assessment - Documents/General/2020/Bioenergetics,FB4_Log_File.csv,50,Northern pikeminnow,User input,User run,1255,Weight,1300,1,78,18000,13560,0.27391,666.290,1300.000,16581.334,21578434.307,11753072.320,0.330,0.000,Main Inputs/Temperature.csv,Main Inputs/Diet_prop.csv,Main Inputs/Prey_E.csv,1,NA,1,Main Inputs/Pred_E.csv,TRUE,Sub-Models/Mortality/Mortality.csv,FALSE,NA,FALSE,NA,NA,NA,NA,NA,FALSE
Date-Time,FB4.version,FB4.File_dir,FB4_Log_File,Species_Num,Species_txt,Values_from,Run_Name,Initial_W,fit.to,fit.to.value,First_day,Last_day,N_indiv,Oxycal,p-value,Total consumption (g),Final weight (g),Pop Number,Pop Biomass (g),Cum. Cons. Pop. (g),Run time (s),OK. Energy budget balanced.,T_File,Diet_prop_File,Prey_E_File,EGEQ,Indigestible_Prey,PREDEDEQ,Predator_ED,calc.pop_mort,Mortality_File,calc.spawn,Reproduction_File,calc.contaminant,Prey_conc_File,Contam_assim_File,Contam_trans_eff_File,Init_Pred-conc,Contam_EQ,calc.nut
Tue Nov 17 13:47:53 2020,v1.1.2,C:/Users/porterni/Merck Sharp & Dohme, Corp/Biomark Deadwater Predator Assessment - Documents/General/2020/Bioenergetics,FB4_Log_File.csv,50,Northern pikeminnow,User input,User run,1255,Weight,1255,1,78,18000,13560,0.248253,595.658,1255.000,16581.334,20831488.576,10508373.200,0.340,0.000,Main Inputs/Temperature.csv,Main Inputs/Diet_prop.csv,Main Inputs/Prey_E.csv,1,NA,1,Main Inputs/Pred_E.csv,TRUE,Sub-Models/Mortality/Mortality.csv,FALSE,NA,FALSE,NA,NA,NA,NA,NA,FALSE
Date-Time,FB4.version,FB4.File_dir,FB4_Log_File,Species_Num,Species_txt,Values_from,Run_Name,Initial_W,fit.to,fit.to.value,First_day,Last_day,N_indiv,Oxycal,p-value,Total consumption (g),Final weight (g),Pop Number,Pop Biomass (g),Cum. Cons. Pop. (g),Run time (s),OK. Energy budget balanced.,T_File,Diet_prop_File,Prey_E_File,EGEQ,Indigestible_Prey,PREDEDEQ,Predator_ED,calc.pop_mort,Mortality_File,calc.spawn,Reproduction_File,calc.contaminant,Prey_conc_File,Contam_assim_File,Contam_trans_eff_File,Init_Pred-conc,Contam_EQ,calc.nut
Tue Nov 17 13:49:02 2020,v1.1.2,C:/Users/porterni/Merck Sharp & Dohme, Corp/Biomark Deadwater Predator Assessment - Documents/General/2020/Bioenergetics,FB4_Log_File.csv,50,Northern pikeminnow,User input,User run,1255,Weight,1255,1,78,37556,13560,0.248253,595.658,1255.000,1.000,1255.000,595.658,0.280,0.000,Main Inputs/Temperature.csv,Main Inputs/Diet_prop.csv,Main Inputs/Prey_E.csv,1,NA,1,Main Inputs/Pred_E.csv,FALSE,NA,FALSE,NA,FALSE,NA,NA,NA,NA,NA,FALSE
Date-Time,FB4.version,FB4.File_dir,FB4_Log_File,Species_Num,Species_txt,Values_from,Run_Name,Initial_W,fit.to,fit.to.value,First_day,Last_day,N_indiv,Oxycal,p-value,Total consumption (g),Final weight (g),Pop Number,Pop Biomass (g),Cum. Cons. Pop. (g),Run time (s),OK. Energy budget balanced.,T_File,Diet_prop_File,Prey_E_File,EGEQ,Indigestible_Prey,PREDEDEQ,Predator_ED,calc.pop_mort,Mortality_File,calc.spawn,Reproduction_File,calc.contaminant,Prey_conc_File,Contam_assim_File,Contam_trans_eff_File,Init_Pred-conc,Contam_EQ,calc.nut
Tue Nov 17 13:49:22 2020,v1.1.2,C:/Users/porterni/Merck Sharp & Dohme, Corp/Biomark Deadwater Predator Assessment - Documents/General/2020/Bioenergetics,FB4_Log_File.csv,50,Northern pikeminnow,User input,User run,1255,Weight,1255,1,78,37556,13560,0.248253,595.658,1255.000,34596.033,43463743.608,21925136.884,0.330,0.000,Main Inputs/Temperature.csv,Main Inputs/Diet_prop.csv,Main Inputs/Prey_E.csv,1,NA,1,Main Inputs/Pred_E.csv,TRUE,Sub-Models/Mortality/Mortality.csv,FALSE,NA,FALSE,NA,NA,NA,NA,NA,FALSE
Date-Time,FB4.version,FB4.File_dir,FB4_Log_File,Species_Num,Species_txt,Values_from,Run_Name,Initial_W,fit.to,fit.to.value,First_day,Last_day,N_indiv,Oxycal,p-value,Total consumption (g),Final weight (g),Pop Number,Pop Biomass (g),Cum. Cons. Pop. (g),Run time (s),OK. Energy budget balanced.,T_File,Diet_prop_File,Prey_E_File,EGEQ,Indigestible_Prey,PREDEDEQ,Predator_ED,calc.pop_mort,Mortality_File,calc.spawn,Reproduction_File,calc.contaminant,Prey_conc_File,Contam_assim_File,Contam_trans_eff_File,Init_Pred-conc,Contam_EQ,calc.nut
Tue Nov 17 15:33:04 2020,v1.1.2,C:/Users/porterni/Merck Sharp & Dohme, Corp/Biomark Deadwater Predator Assessment - Documents/General/2020/Bioenergetics,FB4_Log_File.csv,50,Northern pikeminnow,User input,User run,1255,Weight,1255,1,78,37556,13560,4.81019,273.225,1255.000,34596.033,43463743.539,9856525.960,0.720,0.000,Main Inputs/Temperature.csv,Main Inputs/Diet_prop.csv,Main Inputs/Prey_E.csv,1,NA,1,Main Inputs/Pred_E.csv,TRUE,Sub-Models/Mortality/Mortality.csv,FALSE,NA,FALSE,NA,NA,NA,NA,NA,FALSE
Date-Time,FB4.version,FB4.File_dir,FB4_Log_File,Species_Num,Species_txt,Values_from,Run_Name,Initial_W,fit.to,fit.to.value,First_day,Last_day,N_indiv,Oxycal,p-value,Total consumption (g),Final weight (g),Pop Number,Pop Biomass (g),Cum. Cons. Pop. (g),Run time (s),OK. Energy budget balanced.,T_File,Diet_prop_File,Prey_E_File,EGEQ,Indigestible_Prey,PREDEDEQ,Predator_ED,calc.pop_mort,Mortality_File,calc.spawn,Reproduction_File,calc.contaminant,Prey_conc_File,Contam_assim_File,Contam_trans_eff_File,Init_Pred-conc,Contam_EQ,calc.nut
Tue Nov 17 15:34:46 2020,v1.1.2,C:/Users/porterni/Merck Sharp & Dohme, Corp/Biomark Deadwater Predator Assessment - Documents/General/2020/Bioenergetics,FB4_Log_File.csv,50,Northern pikeminnow,User input,User run,1255,Weight,1255,1,78,37556,13560,4.81019,273.225,1255.000,1.000,1255.000,273.225,0.280,0.000,Main Inputs/Temperature.csv,Main Inputs/Diet_prop.csv,Main Inputs/Prey_E.csv,1,NA,1,Main Inputs/Pred_E.csv,FALSE,NA,FALSE,NA,FALSE,NA,NA,NA,NA,NA,FALSE
Date-Time,FB4.version,FB4.File_dir,FB4_Log_File,Species_Num,Species_txt,Values_from,Run_Name,Initial_W,fit.to,fit.to.value,First_day,Last_day,N_indiv,Oxycal,p-value,Total consumption (g),Final weight (g),Pop Number,Pop Biomass (g),Cum. Cons. Pop. (g),Run time (s),OK. Energy budget balanced.,T_File,Diet_prop_File,Prey_E_File,EGEQ,Indigestible_Prey,PREDEDEQ,Predator_ED,calc.pop_mort,Mortality_File,calc.spawn,Reproduction_File,calc.contaminant,Prey_conc_File,Contam_assim_File,Contam_trans_eff_File,Init_Pred-conc,Contam_EQ,calc.nut
Tue Nov 17 15:35:10 2020,v1.1.2,C:/Users/porterni/Merck Sharp & Dohme, Corp/Biomark Deadwater Predator Assessment - Documents/General/2020/Bioenergetics,FB4_Log_File.csv,50,Northern pikeminnow,User input,User run,1255,Weight,1255,1,78,37556,13560,4.81019,273.225,1255.000,34596.033,43463743.539,9856525.960,0.300,0.000,Main Inputs/Temperature.csv,Main Inputs/Diet_prop.csv,Main Inputs/Prey_E.csv,1,NA,1,Main Inputs/Pred_E.csv,TRUE,Sub-Models/Mortality/Mortality.csv,FALSE,NA,FALSE,NA,NA,NA,NA,NA,FALSE
Date-Time,FB4.version,FB4.File_dir,FB4_Log_File,Species_Num,Species_txt,Values_from,Run_Name,Initial_W,fit.to,fit.to.value,First_day,Last_day,N_indiv,Oxycal,p-value,Total consumption (g),Final weight (g),Pop Number,Pop Biomass (g),Cum. Cons. Pop. (g),Run time (s),OK. Energy budget balanced.,T_File,Diet_prop_File,Prey_E_File,EGEQ,Indigestible_Prey,PREDEDEQ,Predator_ED,calc.pop_mort,Mortality_File,calc.spawn,Reproduction_File,calc.contaminant,Prey_conc_File,Contam_assim_File,Contam_trans_eff_File,Init_Pred-conc,Contam_EQ,calc.nut
Wed Nov 18 10:39:18 2020,v1.1.2,C:/Users/porterni/Merck Sharp & Dohme, Corp/Biomark Deadwater Predator Assessment - Documents/General/2020/Bioenergetics,FB4_Log_File.csv,50,Northern pikeminnow,User input,User run,1255,Weight,1255,1,78,1,13560,0.248253,595.658,1255.000,1.000,1255.000,595.658,0.370,0.000,Main Inputs/Temperature.csv,Main Inputs/Diet_prop.csv,Main Inputs/Prey_E.csv,1,NA,1,Main Inputs/Pred_E.csv,FALSE,NA,FALSE,NA,FALSE,NA,NA,NA,NA,NA,FALSE
Date-Time,FB4.version,FB4.File_dir,FB4_Log_File,Species_Num,Species_txt,Values_from,Run_Name,Initial_W,fit.to,fit.to.value,First_day,Last_day,N_indiv,Oxycal,p-value,Total consumption (g),Final weight (g),Pop Number,Pop Biomass (g),Cum. Cons. Pop. (g),Run time (s),OK. Energy budget balanced.,T_File,Diet_prop_File,Prey_E_File,EGEQ,Indigestible_Prey,PREDEDEQ,Predator_ED,calc.pop_mort,Mortality_File,calc.spawn,Reproduction_File,calc.contaminant,Prey_conc_File,Contam_assim_File,Contam_trans_eff_File,Init_Pred-conc,Contam_EQ,calc.nut
Wed Nov 18 13:42:52 2020,v1.1.2,C:/Users/porterni/Merck Sharp & Dohme, Corp/Biomark Deadwater Predator Assessment - Documents/General/2020/Bioenergetics,FB4_Log_File.csv,50,Northern pikeminnow,User input,User run,1255,Weight,1255,1,78,1,13560,0.117617,282.210,1255.000,1.000,1255.000,282.210,0.390,0.000,Main Inputs/Temperature.csv,Main Inputs/Diet_prop.csv,Main Inputs/Prey_E.csv,1,NA,1,Main Inputs/Pred_E.csv,FALSE,NA,FALSE,NA,FALSE,NA,NA,NA,NA,NA,FALSE
Date-Time,FB4.version,FB4.File_dir,FB4_Log_File,Species_Num,Species_txt,Values_from,Run_Name,Initial_W,fit.to,fit.to.value,First_day,Last_day,N_indiv,Oxycal,p-value,Total consumption (g),Final weight (g),Pop Number,Pop Biomass (g),Cum. Cons. Pop. (g),Run time (s),OK. Energy budget balanced.,T_File,Diet_prop_File,Prey_E_File,EGEQ,Indigestible_Prey,PREDEDEQ,Predator_ED,calc.pop_mort,Mortality_File,calc.spawn,Reproduction_File,calc.contaminant,Prey_conc_File,Contam_assim_File,Contam_trans_eff_File,Init_Pred-conc,Contam_EQ,calc.nut
Wed Nov 18 13:46:20 2020,v1.1.2,C:/Users/porterni/Merck Sharp & Dohme, Corp/Biomark Deadwater Predator Assessment - Documents/General/2020/Bioenergetics,FB4_Log_File.csv,50,Northern pikeminnow,User input,User run,1255,Weight,1255,1,78,1,13560,2.278961,129.448,1255.000,1.000,1255.000,129.448,0.310,0.000,Main Inputs/Temperature.csv,Main Inputs/Diet_prop.csv,Main Inputs/Prey_E.csv,1,NA,1,Main Inputs/Pred_E.csv,FALSE,NA,FALSE,NA,FALSE,NA,NA,NA,NA,NA,FALSE
Date-Time,FB4.version,FB4.File_dir,FB4_Log_File,Species_Num,Species_txt,Values_from,Run_Name,Initial_W,fit.to,fit.to.value,First_day,Last_day,N_indiv,Oxycal,p-value,Total consumption (g),Final weight (g),Pop Number,Pop Biomass (g),Cum. Cons. Pop. (g),Run time (s),OK. Energy budget balanced.,T_File,Diet_prop_File,Prey_E_File,EGEQ,Indigestible_Prey,PREDEDEQ,Predator_ED,calc.pop_mort,Mortality_File,calc.spawn,Reproduction_File,calc.contaminant,Prey_conc_File,Contam_assim_File,Contam_trans_eff_File,Init_Pred-conc,Contam_EQ,calc.nut
Wed Nov 18 16:06:37 2020,v1.1.2,C:/Users/porterni/Merck Sharp & Dohme, Corp/Biomark Deadwater Predator Assessment - Documents/General/2020/Bioenergetics,FB4_Log_File.csv,50,Northern pikeminnow,User input,User run,847,Weight,847,1,78,1,13560,2.359196,97.724,847.000,1.000,847.000,97.724,0.710,0.000,Main Inputs/Temperature.csv,Main Inputs/Diet_prop.csv,Main Inputs/Prey_E.csv,1,NA,1,Main Inputs/Pred_E.csv,FALSE,NA,FALSE,NA,FALSE,NA,NA,NA,NA,NA,FALSE
Date-Time,FB4.version,FB4.File_dir,FB4_Log_File,Species_Num,Species_txt,Values_from,Run_Name,Initial_W,fit.to,fit.to.value,First_day,Last_day,N_indiv,Oxycal,p-value,Total consumption (g),Final weight (g),Pop Number,Pop Biomass (g),Cum. Cons. Pop. (g),Run time (s),OK. Energy budget balanced.,T_File,Diet_prop_File,Prey_E_File,EGEQ,Indigestible_Prey,PREDEDEQ,Predator_ED,calc.pop_mort,Mortality_File,calc.spawn,Reproduction_File,calc.contaminant,Prey_conc_File,Contam_assim_File,Contam_trans_eff_File,Init_Pred-conc,Contam_EQ,calc.nut
Wed Nov 18 16:09:40 2020,v1.1.2,C:/Users/porterni/Merck Sharp & Dohme, Corp/Biomark Deadwater Predator Assessment - Documents/General/2020/Bioenergetics,FB4_Log_File.csv,50,Northern pikeminnow,User input,User run,847,Weight,847,1,78,1,13560,0.121713,213.764,847.000,1.000,847.000,213.764,0.370,0.000,Main Inputs/Temperature.csv,Main Inputs/Diet_prop.csv,Main Inputs/Prey_E.csv,1,NA,1,Main Inputs/Pred_E.csv,FALSE,NA,FALSE,NA,FALSE,NA,NA,NA,NA,NA,FALSE
Date-Time,FB4.version,FB4.File_dir,FB4_Log_File,Species_Num,Species_txt,Values_from,Run_Name,Initial_W,fit.to,fit.to.value,First_day,Last_day,N_indiv,Oxycal,p-value,Total consumption (g),Final weight (g),Pop Number,Pop Biomass (g),Cum. Cons. Pop. (g),Run time (s),OK. Energy budget balanced.,T_File,Diet_prop_File,Prey_E_File,EGEQ,Indigestible_Prey,PREDEDEQ,Predator_ED,calc.pop_mort,Mortality_File,calc.spawn,Reproduction_File,calc.contaminant,Prey_conc_File,Contam_assim_File,Contam_trans_eff_File,Init_Pred-conc,Contam_EQ,calc.nut
Fri Nov 20 12:17:54 2020,v1.1.2,C:/Users/porterni/Merck Sharp & Dohme, Corp/Biomark Deadwater Predator Assessment - Documents/General/2020/Bioenergetics,FB4_Log_File.csv,50,Northern pikeminnow,User input,User run,847,Weight,847,1,78,1,13560,0.160359,167.685,847.000,1.000,847.000,167.685,0.590,0.000,Main Inputs/Temperature.csv,Main Inputs/Diet_prop.csv,Main Inputs/Prey_E.csv,1,NA,1,Main Inputs/Pred_E.csv,FALSE,NA,FALSE,NA,FALSE,NA,NA,NA,NA,NA,FALSE
Date-Time,FB4.version,FB4.File_dir,FB4_Log_File,Species_Num,Species_txt,Values_from,Run_Name,Initial_W,fit.to,fit.to.value,First_day,Last_day,N_indiv,Oxycal,p-value,Total consumption (g),Final weight (g),Pop Number,Pop Biomass (g),Cum. Cons. Pop. (g),Run time (s),OK. Energy budget balanced.,T_File,Diet_prop_File,Prey_E_File,EGEQ,Indigestible_Prey,PREDEDEQ,Predator_ED,calc.pop_mort,Mortality_File,calc.spawn,Reproduction_File,calc.contaminant,Prey_conc_File,Contam_assim_File,Contam_trans_eff_File,Init_Pred-conc,Contam_EQ,calc.nut
Fri Nov 20 12:22:49 2020,v1.1.2,C:/Users/porterni/Merck Sharp & Dohme, Corp/Biomark Deadwater Predator Assessment - Documents/General/2020/Bioenergetics,FB4_Log_File.csv,50,Northern pikeminnow,User input,User run,847,Weight,847,1,78,1,13560,0.132347,214.126,847.000,1.000,847.000,214.126,0.340,0.000,Main Inputs/Temperature.csv,Main Inputs/Diet_prop.csv,Main Inputs/Prey_E.csv,1,NA,1,Main Inputs/Pred_E.csv,FALSE,NA,FALSE,NA,FALSE,NA,NA,NA,NA,NA,FALSE
Date-Time,FB4.version,FB4.File_dir,FB4_Log_File,Species_Num,Species_txt,Values_from,Run_Name,Initial_W,fit.to,fit.to.value,First_day,Last_day,N_indiv,Oxycal,p-value,Total consumption (g),Final weight (g),Pop Number,Pop Biomass (g),Cum. Cons. Pop. (g),Run time (s),OK. Energy budget balanced.,T_File,Diet_prop_File,Prey_E_File,EGEQ,Indigestible_Prey,PREDEDEQ,Predator_ED,calc.pop_mort,Mortality_File,calc.spawn,Reproduction_File,calc.contaminant,Prey_conc_File,Contam_assim_File,Contam_trans_eff_File,Init_Pred-conc,Contam_EQ,calc.nut
Fri Nov 20 12:29:37 2020,v1.1.2,C:/Users/porterni/Merck Sharp & Dohme, Corp/Biomark Deadwater Predator Assessment - Documents/General/2020/Bioenergetics,FB4_Log_File.csv,50,Northern pikeminnow,User input,User run,847,Weight,847,1,78,1,13560,0.160359,167.685,847.000,1.000,847.000,167.685,0.380,0.000,Main Inputs/Temperature.csv,Main Inputs/Diet_prop.csv,Main Inputs/Prey_E.csv,1,NA,1,Main Inputs/Pred_E.csv,FALSE,NA,FALSE,NA,FALSE,NA,NA,NA,NA,NA,FALSE
Date-Time,FB4.version,FB4.File_dir,FB4_Log_File,Species_Num,Species_txt,Values_from,Run_Name,Initial_W,fit.to,fit.to.value,First_day,Last_day,N_indiv,Oxycal,p-value,Total consumption (g),Final weight (g),Pop Number,Pop Biomass (g),Cum. Cons. Pop. (g),Run time (s),OK. Energy budget balanced.,T_File,Diet_prop_File,Prey_E_File,EGEQ,Indigestible_Prey,PREDEDEQ,Predator_ED,calc.pop_mort,Mortality_File,calc.spawn,Reproduction_File,calc.contaminant,Prey_conc_File,Contam_assim_File,Contam_trans_eff_File,Init_Pred-conc,Contam_EQ,calc.nut
Wed Nov  3 14:29:35 2021,v1.1.2,/Users/porterni/Documents/GitHub/DeadwaterPaper/analysis/Bioenergetics,FB4_Log_File.csv,50,Northern pikeminnow,User input,User run,847,Weight,847,1,365,1,6703,0.063176,470.177,847.000,1.000,847.000,470.177,1.903,0.000,Main Inputs/Temperature.csv,Main Inputs/Diet_prop.csv,Main Inputs/Prey_E.csv,1,NA,1,Main Inputs/Pred_E.csv,FALSE,NA,FALSE,NA,FALSE,NA,NA,NA,NA,NA,FALSE
Date-Time,FB4.version,FB4.File_dir,FB4_Log_File,Species_Num,Species_txt,Values_from,Run_Name,Initial_W,fit.to,fit.to.value,First_day,Last_day,N_indiv,Oxycal,p-value,Total consumption (g),Final weight (g),Pop Number,Pop Biomass (g),Cum. Cons. Pop. (g),Run time (s),OK. Energy budget balanced.,T_File,Diet_prop_File,Prey_E_File,EGEQ,Indigestible_Prey,PREDEDEQ,Predator_ED,calc.pop_mort,Mortality_File,calc.spawn,Reproduction_File,calc.contaminant,Prey_conc_File,Contam_assim_File,Contam_trans_eff_File,Init_Pred-conc,Contam_EQ,calc.nut
Mon Nov  8 16:05:23 2021,v1.1.2,/Users/porterni/Documents/GitHub/DeadwaterPaper/analysis/Bioenergetics,FB4_Log_File.csv,50,Northern pikeminnow,User input,User run,847,Weight,931.7,1,365,1,6703,0.069956,541.039,931.700,1.000,931.700,541.039,1.973,0.000,Main Inputs/Temperature.csv,Main Inputs/Diet_prop.csv,Main Inputs/Prey_E.csv,1,NA,1,Main Inputs/Pred_E.csv,FALSE,NA,FALSE,NA,FALSE,NA,NA,NA,NA,NA,FALSE
Date-Time,FB4.version,FB4.File_dir,FB4_Log_File,Species_Num,Species_txt,Values_from,Run_Name,Initial_W,fit.to,fit.to.value,First_day,Last_day,N_indiv,Oxycal,p-value,Total consumption (g),Final weight (g),Pop Number,Pop Biomass (g),Cum. Cons. Pop. (g),Run time (s),OK. Energy budget balanced.,T_File,Diet_prop_File,Prey_E_File,EGEQ,Indigestible_Prey,PREDEDEQ,Predator_ED,calc.pop_mort,Mortality_File,calc.spawn,Reproduction_File,calc.contaminant,Prey_conc_File,Contam_assim_File,Contam_trans_eff_File,Init_Pred-conc,Contam_EQ,calc.nut
Tue Nov  9 14:33:06 2021,v1.1.2,/Users/porterni/Documents/GitHub/DeadwaterPaper/analysis/Bioenergetics,FB4_Log_File.csv,50,Northern pikeminnow,User input,User run,847,Weight,847,1,365,1,6703,0.120438,896.336,847.000,1.000,847.000,896.336,1.831,0.000,Main Inputs/Temperature.csv,Main Inputs/Diet_prop.csv,Main Inputs/Prey_E.csv,1,NA,1,Main Inputs/Pred_E.csv,FALSE,NA,FALSE,NA,FALSE,NA,NA,NA,NA,NA,FALSE
Date-Time,FB4.version,FB4.File_dir,FB4_Log_File,Species_Num,Species_txt,Values_from,Run_Name,Initial_W,fit.to,fit.to.value,First_day,Last_day,N_indiv,Oxycal,p-value,Total consumption (g),Final weight (g),Pop Number,Pop Biomass (g),Cum. Cons. Pop. (g),Run time (s),OK. Energy budget balanced.,T_File,Diet_prop_File,Prey_E_File,EGEQ,Indigestible_Prey,PREDEDEQ,Predator_ED,calc.pop_mort,Mortality_File,calc.spawn,Reproduction_File,calc.contaminant,Prey_conc_File,Contam_assim_File,Contam_trans_eff_File,Init_Pred-conc,Contam_EQ,calc.nut
Tue Nov  9 14:37:49 2021,v1.1.2,/Users/porterni/Documents/GitHub/DeadwaterPaper/analysis/Bioenergetics,FB4_Log_File.csv,50,Northern pikeminnow,User input,User run,847,Weight,847,1,365,1,6703,0.120438,896.336,847.000,1.000,847.000,896.336,1.899,0.000,Main Inputs/Temperature.csv,Main Inputs/Diet_prop.csv,Main Inputs/Prey_E.csv,1,NA,1,Main Inputs/Pred_E.csv,FALSE,NA,FALSE,NA,FALSE,NA,NA,NA,NA,NA,FALSE
Date-Time,FB4.version,FB4.File_dir,FB4_Log_File,Species_Num,Species_txt,Values_from,Run_Name,Initial_W,fit.to,fit.to.value,First_day,Last_day,N_indiv,Oxycal,p-value,Total consumption (g),Final weight (g),Pop Number,Pop Biomass (g),Cum. Cons. Pop. (g),Run time (s),OK. Energy budget balanced.,T_File,Diet_prop_File,Prey_E_File,EGEQ,Indigestible_Prey,PREDEDEQ,Predator_ED,calc.pop_mort,Mortality_File,calc.spawn,Reproduction_File,calc.contaminant,Prey_conc_File,Contam_assim_File,Contam_trans_eff_File,Init_Pred-conc,Contam_EQ,calc.nut
Tue Nov  9 14:40:25 2021,v1.1.2,/Users/porterni/Documents/GitHub/DeadwaterPaper/analysis/Bioenergetics,FB4_Log_File.csv,50,Northern pikeminnow,User input,User run,847,Weight,847,1,365,1,6703,0.120438,896.336,847.000,1.000,847.000,896.336,1.506,0.000,Main Inputs/Temperature.csv,Main Inputs/Diet_prop.csv,Main Inputs/Prey_E.csv,1,NA,1,Main Inputs/Pred_E.csv,FALSE,NA,FALSE,NA,FALSE,NA,NA,NA,NA,NA,FALSE
Date-Time,FB4.version,FB4.File_dir,FB4_Log_File,Species_Num,Species_txt,Values_from,Run_Name,Initial_W,fit.to,fit.to.value,First_day,Last_day,N_indiv,Oxycal,p-value,Total consumption (g),Final weight (g),Pop Number,Pop Biomass (g),Cum. Cons. Pop. (g),Run time (s),OK. Energy budget balanced.,T_File,Diet_prop_File,Prey_E_File,EGEQ,Indigestible_Prey,PREDEDEQ,Predator_ED,calc.pop_mort,Mortality_File,calc.spawn,Reproduction_File,calc.contaminant,Prey_conc_File,Contam_assim_File,Contam_trans_eff_File,Init_Pred-conc,Contam_EQ,calc.nut
Thu Nov 11 13:30:35 2021,v1.1.2,/Users/porterni/Documents/GitHub/DeadwaterPaper/analysis/Bioenergetics,FB4_Log_File.csv,50,Northern pikeminnow,User input,User run,847,Weight,847,245,322,1,6703,0.12844,193.319,847.000,1.000,847.000,193.319,1.050,0.000,Main Inputs/Temperature.csv,Main Inputs/Diet_prop.csv,Main Inputs/Prey_E.csv,1,NA,1,Main Inputs/Pred_E.csv,FALSE,NA,FALSE,NA,FALSE,NA,NA,NA,NA,NA,FALSE
Date-Time,FB4.version,FB4.File_dir,FB4_Log_File,Species_Num,Species_txt,Values_from,Run_Name,Initial_W,fit.to,fit.to.value,First_day,Last_day,N_indiv,Oxycal,p-value,Total consumption (g),Final weight (g),Pop Number,Pop Biomass (g),Cum. Cons. Pop. (g),Run time (s),OK. Energy budget balanced.,T_File,Diet_prop_File,Prey_E_File,EGEQ,Indigestible_Prey,PREDEDEQ,Predator_ED,calc.pop_mort,Mortality_File,calc.spawn,Reproduction_File,calc.contaminant,Prey_conc_File,Contam_assim_File,Contam_trans_eff_File,Init_Pred-conc,Contam_EQ,calc.nut
Tue Dec 14 13:07:08 2021,v1.1.2,/Users/porterni/Documents/GitHub/DeadwaterPaper/analysis/Bioenergetics,FB4_Log_File.csv,50,Northern pikeminnow,User input,User run,847,Weight,847,1,92,1,6703,0.375616,325.251,847.000,1.000,847.000,325.251,0.710,0.000,Main Inputs/Temperature.csv,Main Inputs/Diet_prop.csv,Main Inputs/Prey_E.csv,1,NA,1,Main Inputs/Pred_E.csv,FALSE,NA,FALSE,NA,FALSE,NA,NA,NA,NA,NA,FALSE
Date-Time,FB4.version,FB4.File_dir,FB4_Log_File,Species_Num,Species_txt,Values_from,Run_Name,Initial_W,fit.to,fit.to.value,First_day,Last_day,N_indiv,Oxycal,p-value,Total consumption (g),Final weight (g),Pop Number,Pop Biomass (g),Cum. Cons. Pop. (g),Run time (s),OK. Energy budget balanced.,T_File,Diet_prop_File,Prey_E_File,EGEQ,Indigestible_Prey,PREDEDEQ,Predator_ED,calc.pop_mort,Mortality_File,calc.spawn,Reproduction_File,calc.contaminant,Prey_conc_File,Contam_assim_File,Contam_trans_eff_File,Init_Pred-conc,Contam_EQ,calc.nut
Tue Dec 14 13:12:42 2021,v1.1.2,/Users/porterni/Documents/GitHub/DeadwaterPaper/analysis/Bioenergetics,FB4_Log_File.csv,50,Northern pikeminnow,User input,User run,847,Weight,852,1,92,1,6703,0.281043,243.928,852.000,1.000,852.000,243.928,0.424,0.000,Main Inputs/Temperature.csv,Main Inputs/Diet_prop.csv,Main Inputs/Prey_E.csv,1,NA,1,Main Inputs/Pred_E.csv,FALSE,NA,FALSE,NA,FALSE,NA,NA,NA,NA,NA,FALSE
Date-Time,FB4.version,FB4.File_dir,FB4_Log_File,Species_Num,Species_txt,Values_from,Run_Name,Initial_W,fit.to,fit.to.value,First_day,Last_day,N_indiv,Oxycal,p-value,Total consumption (g),Final weight (g),Pop Number,Pop Biomass (g),Cum. Cons. Pop. (g),Run time (s),OK. Energy budget balanced.,T_File,Diet_prop_File,Prey_E_File,EGEQ,Indigestible_Prey,PREDEDEQ,Predator_ED,calc.pop_mort,Mortality_File,calc.spawn,Reproduction_File,calc.contaminant,Prey_conc_File,Contam_assim_File,Contam_trans_eff_File,Init_Pred-conc,Contam_EQ,calc.nut
Tue Dec 14 13:17:26 2021,v1.1.2,/Users/porterni/Documents/GitHub/DeadwaterPaper/analysis/Bioenergetics,FB4_Log_File.csv,50,Northern pikeminnow,User input,User run,847,Weight,847,1,92,1,6703,0.092709,80.278,847.000,1.000,847.000,80.278,0.772,0.000,Main Inputs/Temperature.csv,Main Inputs/Diet_prop.csv,Main Inputs/Prey_E.csv,1,NA,1,Main Inputs/Pred_E.csv,FALSE,NA,FALSE,NA,FALSE,NA,NA,NA,NA,NA,FALSE
Date-Time,FB4.version,FB4.File_dir,FB4_Log_File,Species_Num,Species_txt,Values_from,Run_Name,Initial_W,fit.to,fit.to.value,First_day,Last_day,N_indiv,Oxycal,p-value,Total consumption (g),Final weight (g),Pop Number,Pop Biomass (g),Cum. Cons. Pop. (g),Run time (s),OK. Energy budget balanced.,T_File,Diet_prop_File,Prey_E_File,EGEQ,Indigestible_Prey,PREDEDEQ,Predator_ED,calc.pop_mort,Mortality_File,calc.spawn,Reproduction_File,calc.contaminant,Prey_conc_File,Contam_assim_File,Contam_trans_eff_File,Init_Pred-conc,Contam_EQ,calc.nut
Tue Dec 14 13:20:25 2021,v1.1.2,/Users/porterni/Documents/GitHub/DeadwaterPaper/analysis/Bioenergetics,FB4_Log_File.csv,50,Northern pikeminnow,User input,User run,847,Weight,847,1,92,1,6703,0.213068,184.499,847.000,1.000,847.000,184.499,0.437,0.000,Main Inputs/Temperature.csv,Main Inputs/Diet_prop.csv,Main Inputs/Prey_E.csv,1,NA,1,Main Inputs/Pred_E.csv,FALSE,NA,FALSE,NA,FALSE,NA,NA,NA,NA,NA,FALSE
Date-Time,FB4.version,FB4.File_dir,FB4_Log_File,Species_Num,Species_txt,Values_from,Run_Name,Initial_W,fit.to,fit.to.value,First_day,Last_day,N_indiv,Oxycal,p-value,Total consumption (g),Final weight (g),Pop Number,Pop Biomass (g),Cum. Cons. Pop. (g),Run time (s),OK. Energy budget balanced.,T_File,Diet_prop_File,Prey_E_File,EGEQ,Indigestible_Prey,PREDEDEQ,Predator_ED,calc.pop_mort,Mortality_File,calc.spawn,Reproduction_File,calc.contaminant,Prey_conc_File,Contam_assim_File,Contam_trans_eff_File,Init_Pred-conc,Contam_EQ,calc.nut
Tue Dec 14 13:24:53 2021,v1.1.2,/Users/porterni/Documents/GitHub/DeadwaterPaper/analysis/Bioenergetics,FB4_Log_File.csv,50,Northern pikeminnow,User input,User run,847,Weight,847,1,92,1,6703,0.175167,151.679,847.000,1.000,847.000,151.679,0.762,0.000,Main Inputs/Temperature.csv,Main Inputs/Diet_prop.csv,Main Inputs/Prey_E.csv,1,NA,1,Main Inputs/Pred_E.csv,FALSE,NA,FALSE,NA,FALSE,NA,NA,NA,NA,NA,FALSE
Date-Time,FB4.version,FB4.File_dir,FB4_Log_File,Species_Num,Species_txt,Values_from,Run_Name,Initial_W,fit.to,fit.to.value,First_day,Last_day,N_indiv,Oxycal,p-value,Total consumption (g),Final weight (g),Pop Number,Pop Biomass (g),Cum. Cons. Pop. (g),Run time (s),OK. Energy budget balanced.,T_File,Diet_prop_File,Prey_E_File,EGEQ,Indigestible_Prey,PREDEDEQ,Predator_ED,calc.pop_mort,Mortality_File,calc.spawn,Reproduction_File,calc.contaminant,Prey_conc_File,Contam_assim_File,Contam_trans_eff_File,Init_Pred-conc,Contam_EQ,calc.nut
Tue Dec 14 13:26:43 2021,v1.1.2,/Users/porterni/Documents/GitHub/DeadwaterPaper/analysis/Bioenergetics,FB4_Log_File.csv,50,Northern pikeminnow,User input,User run,847,Weight,847,1,92,1,6703,0.148713,128.773,847.000,1.000,847.000,128.773,0.792,0.000,Main Inputs/Temperature.csv,Main Inputs/Diet_prop.csv,Main Inputs/Prey_E.csv,1,NA,1,Main Inputs/Pred_E.csv,FALSE,NA,FALSE,NA,FALSE,NA,NA,NA,NA,NA,FALSE
Date-Time,FB4.version,FB4.File_dir,FB4_Log_File,Species_Num,Species_txt,Values_from,Run_Name,Initial_W,fit.to,fit.to.value,First_day,Last_day,N_indiv,Oxycal,p-value,Total consumption (g),Final weight (g),Pop Number,Pop Biomass (g),Cum. Cons. Pop. (g),Run time (s),OK. Energy budget balanced.,T_File,Diet_prop_File,Prey_E_File,EGEQ,Indigestible_Prey,PREDEDEQ,Predator_ED,calc.pop_mort,Mortality_File,calc.spawn,Reproduction_File,calc.contaminant,Prey_conc_File,Contam_assim_File,Contam_trans_eff_File,Init_Pred-conc,Contam_EQ,calc.nut
Tue Dec 14 13:28:30 2021,v1.1.2,/Users/porterni/Documents/GitHub/DeadwaterPaper/analysis/Bioenergetics,FB4_Log_File.csv,50,Northern pikeminnow,User input,User run,847,Weight,847,1,92,1,6703,0.129201,111.877,847.000,1.000,847.000,111.877,0.452,0.000,Main Inputs/Temperature.csv,Main Inputs/Diet_prop.csv,Main Inputs/Prey_E.csv,1,NA,1,Main Inputs/Pred_E.csv,FALSE,NA,FALSE,NA,FALSE,NA,NA,NA,NA,NA,FALSE
Date-Time,FB4.version,FB4.File_dir,FB4_Log_File,Species_Num,Species_txt,Values_from,Run_Name,Initial_W,fit.to,fit.to.value,First_day,Last_day,N_indiv,Oxycal,p-value,Total consumption (g),Final weight (g),Pop Number,Pop Biomass (g),Cum. Cons. Pop. (g),Run time (s),OK. Energy budget balanced.,T_File,Diet_prop_File,Prey_E_File,EGEQ,Indigestible_Prey,PREDEDEQ,Predator_ED,calc.pop_mort,Mortality_File,calc.spawn,Reproduction_File,calc.contaminant,Prey_conc_File,Contam_assim_File,Contam_trans_eff_File,Init_Pred-conc,Contam_EQ,calc.nut
Tue Dec 14 13:31:11 2021,v1.1.2,/Users/porterni/Documents/GitHub/DeadwaterPaper/analysis/Bioenergetics,FB4_Log_File.csv,50,Northern pikeminnow,User input,User run,847,Weight,847,1,92,1,6703,0.114215,98.901,847.000,1.000,847.000,98.901,0.445,0.000,Main Inputs/Temperature.csv,Main Inputs/Diet_prop.csv,Main Inputs/Prey_E.csv,1,NA,1,Main Inputs/Pred_E.csv,FALSE,NA,FALSE,NA,FALSE,NA,NA,NA,NA,NA,FALSE
Date-Time,FB4.version,FB4.File_dir,FB4_Log_File,Species_Num,Species_txt,Values_from,Run_Name,Initial_W,fit.to,fit.to.value,First_day,Last_day,N_indiv,Oxycal,p-value,Total consumption (g),Final weight (g),Pop Number,Pop Biomass (g),Cum. Cons. Pop. (g),Run time (s),OK. Energy budget balanced.,T_File,Diet_prop_File,Prey_E_File,EGEQ,Indigestible_Prey,PREDEDEQ,Predator_ED,calc.pop_mort,Mortality_File,calc.spawn,Reproduction_File,calc.contaminant,Prey_conc_File,Contam_assim_File,Contam_trans_eff_File,Init_Pred-conc,Contam_EQ,calc.nut
Tue Dec 14 13:33:25 2021,v1.1.2,/Users/porterni/Documents/GitHub/DeadwaterPaper/analysis/Bioenergetics,FB4_Log_File.csv,50,Northern pikeminnow,User input,User run,847,Weight,847,1,92,1,6703,0.102345,88.622,847.000,1.000,847.000,88.622,0.566,0.000,Main Inputs/Temperature.csv,Main Inputs/Diet_prop.csv,Main Inputs/Prey_E.csv,1,NA,1,Main Inputs/Pred_E.csv,FALSE,NA,FALSE,NA,FALSE,NA,NA,NA,NA,NA,FALSE
Date-Time,FB4.version,FB4.File_dir,FB4_Log_File,Species_Num,Species_txt,Values_from,Run_Name,Initial_W,fit.to,fit.to.value,First_day,Last_day,N_indiv,Oxycal,p-value,Total consumption (g),Final weight (g),Pop Number,Pop Biomass (g),Cum. Cons. Pop. (g),Run time (s),OK. Energy budget balanced.,T_File,Diet_prop_File,Prey_E_File,EGEQ,Indigestible_Prey,PREDEDEQ,Predator_ED,calc.pop_mort,Mortality_File,calc.spawn,Reproduction_File,calc.contaminant,Prey_conc_File,Contam_assim_File,Contam_trans_eff_File,Init_Pred-conc,Contam_EQ,calc.nut
Wed Dec 15 08:57:31 2021,v1.1.2,/Users/porterni/Documents/GitHub/DeadwaterPaper/analysis/Bioenergetics,FB4_Log_File.csv,50,Northern pikeminnow,User input,User run,504.4,Weight,6703,1,92,1,6703,1.740661,3576.184,6703.000,1.000,6703.000,3576.184,0.816,0.000,Main Inputs/Temperature.csv,Main Inputs/Diet_prop.csv,Main Inputs/Prey_E.csv,1,NA,1,Main Inputs/Pred_E.csv,FALSE,NA,FALSE,NA,FALSE,NA,NA,NA,NA,NA,FALSE
Date-Time,FB4.version,FB4.File_dir,FB4_Log_File,Species_Num,Species_txt,Values_from,Run_Name,Initial_W,fit.to,fit.to.value,First_day,Last_day,N_indiv,Oxycal,p-value,Total consumption (g),Final weight (g),Pop Number,Pop Biomass (g),Cum. Cons. Pop. (g),Run time (s),OK. Energy budget balanced.,T_File,Diet_prop_File,Prey_E_File,EGEQ,Indigestible_Prey,PREDEDEQ,Predator_ED,calc.pop_mort,Mortality_File,calc.spawn,Reproduction_File,calc.contaminant,Prey_conc_File,Contam_assim_File,Contam_trans_eff_File,Init_Pred-conc,Contam_EQ,calc.nut
Wed Dec 15 08:59:35 2021,v1.1.2,/Users/porterni/Documents/GitHub/DeadwaterPaper/analysis/Bioenergetics,FB4_Log_File.csv,50,Northern pikeminnow,User input,User run,504.4,Weight,504.4,1,92,1,6703,0.097079,55.240,504.400,1.000,504.400,55.240,0.411,0.000,Main Inputs/Temperature.csv,Main Inputs/Diet_prop.csv,Main Inputs/Prey_E.csv,1,NA,1,Main Inputs/Pred_E.csv,FALSE,NA,FALSE,NA,FALSE,NA,NA,NA,NA,NA,FALSE
Date-Time,FB4.version,FB4.File_dir,FB4_Log_File,Species_Num,Species_txt,Values_from,Run_Name,Initial_W,fit.to,fit.to.value,First_day,Last_day,N_indiv,Oxycal,p-value,Total consumption (g),Final weight (g),Pop Number,Pop Biomass (g),Cum. Cons. Pop. (g),Run time (s),OK. Energy budget balanced.,T_File,Diet_prop_File,Prey_E_File,EGEQ,Indigestible_Prey,PREDEDEQ,Predator_ED,calc.pop_mort,Mortality_File,calc.spawn,Reproduction_File,calc.contaminant,Prey_conc_File,Contam_assim_File,Contam_trans_eff_File,Init_Pred-conc,Contam_EQ,calc.nut
Wed Dec 15 09:01:52 2021,v1.1.2,/Users/porterni/Documents/GitHub/DeadwaterPaper/analysis/Bioenergetics,FB4_Log_File.csv,50,Northern pikeminnow,User input,User run,504.4,Weight,504.4,1,92,1,6703,0.107169,60.981,504.400,1.000,504.400,60.981,0.472,0.000,Main Inputs/Temperature.csv,Main Inputs/Diet_prop.csv,Main Inputs/Prey_E.csv,1,NA,1,Main Inputs/Pred_E.csv,FALSE,NA,FALSE,NA,FALSE,NA,NA,NA,NA,NA,FALSE
Date-Time,FB4.version,FB4.File_dir,FB4_Log_File,Species_Num,Species_txt,Values_from,Run_Name,Initial_W,fit.to,fit.to.value,First_day,Last_day,N_indiv,Oxycal,p-value,Total consumption (g),Final weight (g),Pop Number,Pop Biomass (g),Cum. Cons. Pop. (g),Run time (s),OK. Energy budget balanced.,T_File,Diet_prop_File,Prey_E_File,EGEQ,Indigestible_Prey,PREDEDEQ,Predator_ED,calc.pop_mort,Mortality_File,calc.spawn,Reproduction_File,calc.contaminant,Prey_conc_File,Contam_assim_File,Contam_trans_eff_File,Init_Pred-conc,Contam_EQ,calc.nut
Wed Dec 15 09:05:45 2021,v1.1.2,/Users/porterni/Documents/GitHub/DeadwaterPaper/analysis/Bioenergetics,FB4_Log_File.csv,50,Northern pikeminnow,User input,User run,504.4,Weight,504.4,1,92,1,6703,0.119599,68.054,504.400,1.000,504.400,68.054,0.461,0.000,Main Inputs/Temperature.csv,Main Inputs/Diet_prop.csv,Main Inputs/Prey_E.csv,1,NA,1,Main Inputs/Pred_E.csv,FALSE,NA,FALSE,NA,FALSE,NA,NA,NA,NA,NA,FALSE
Date-Time,FB4.version,FB4.File_dir,FB4_Log_File,Species_Num,Species_txt,Values_from,Run_Name,Initial_W,fit.to,fit.to.value,First_day,Last_day,N_indiv,Oxycal,p-value,Total consumption (g),Final weight (g),Pop Number,Pop Biomass (g),Cum. Cons. Pop. (g),Run time (s),OK. Energy budget balanced.,T_File,Diet_prop_File,Prey_E_File,EGEQ,Indigestible_Prey,PREDEDEQ,Predator_ED,calc.pop_mort,Mortality_File,calc.spawn,Reproduction_File,calc.contaminant,Prey_conc_File,Contam_assim_File,Contam_trans_eff_File,Init_Pred-conc,Contam_EQ,calc.nut
Wed Dec 15 09:07:59 2021,v1.1.2,/Users/porterni/Documents/GitHub/DeadwaterPaper/analysis/Bioenergetics,FB4_Log_File.csv,50,Northern pikeminnow,User input,User run,504.4,Weight,504.4,1,92,1,6703,0.135291,76.984,504.400,1.000,504.400,76.984,0.583,0.000,Main Inputs/Temperature.csv,Main Inputs/Diet_prop.csv,Main Inputs/Prey_E.csv,1,NA,1,Main Inputs/Pred_E.csv,FALSE,NA,FALSE,NA,FALSE,NA,NA,NA,NA,NA,FALSE
Date-Time,FB4.version,FB4.File_dir,FB4_Log_File,Species_Num,Species_txt,Values_from,Run_Name,Initial_W,fit.to,fit.to.value,First_day,Last_day,N_indiv,Oxycal,p-value,Total consumption (g),Final weight (g),Pop Number,Pop Biomass (g),Cum. Cons. Pop. (g),Run time (s),OK. Energy budget balanced.,T_File,Diet_prop_File,Prey_E_File,EGEQ,Indigestible_Prey,PREDEDEQ,Predator_ED,calc.pop_mort,Mortality_File,calc.spawn,Reproduction_File,calc.contaminant,Prey_conc_File,Contam_assim_File,Contam_trans_eff_File,Init_Pred-conc,Contam_EQ,calc.nut
Wed Dec 15 09:10:15 2021,v1.1.2,/Users/porterni/Documents/GitHub/DeadwaterPaper/analysis/Bioenergetics,FB4_Log_File.csv,50,Northern pikeminnow,User input,User run,504.4,Weight,504.4,1,92,1,6703,0.155723,88.610,504.400,1.000,504.400,88.610,0.440,0.000,Main Inputs/Temperature.csv,Main Inputs/Diet_prop.csv,Main Inputs/Prey_E.csv,1,NA,1,Main Inputs/Pred_E.csv,FALSE,NA,FALSE,NA,FALSE,NA,NA,NA,NA,NA,FALSE
Date-Time,FB4.version,FB4.File_dir,FB4_Log_File,Species_Num,Species_txt,Values_from,Run_Name,Initial_W,fit.to,fit.to.value,First_day,Last_day,N_indiv,Oxycal,p-value,Total consumption (g),Final weight (g),Pop Number,Pop Biomass (g),Cum. Cons. Pop. (g),Run time (s),OK. Energy budget balanced.,T_File,Diet_prop_File,Prey_E_File,EGEQ,Indigestible_Prey,PREDEDEQ,Predator_ED,calc.pop_mort,Mortality_File,calc.spawn,Reproduction_File,calc.contaminant,Prey_conc_File,Contam_assim_File,Contam_trans_eff_File,Init_Pred-conc,Contam_EQ,calc.nut
Wed Dec 15 09:13:15 2021,v1.1.2,/Users/porterni/Documents/GitHub/DeadwaterPaper/analysis/Bioenergetics,FB4_Log_File.csv,50,Northern pikeminnow,User input,User run,504.4,Weight,504.4,1,92,1,6703,0.183423,104.372,504.400,1.000,504.400,104.372,0.487,0.000,Main Inputs/Temperature.csv,Main Inputs/Diet_prop.csv,Main Inputs/Prey_E.csv,1,NA,1,Main Inputs/Pred_E.csv,FALSE,NA,FALSE,NA,FALSE,NA,NA,NA,NA,NA,FALSE
Date-Time,FB4.version,FB4.File_dir,FB4_Log_File,Species_Num,Species_txt,Values_from,Run_Name,Initial_W,fit.to,fit.to.value,First_day,Last_day,N_indiv,Oxycal,p-value,Total consumption (g),Final weight (g),Pop Number,Pop Biomass (g),Cum. Cons. Pop. (g),Run time (s),OK. Energy budget balanced.,T_File,Diet_prop_File,Prey_E_File,EGEQ,Indigestible_Prey,PREDEDEQ,Predator_ED,calc.pop_mort,Mortality_File,calc.spawn,Reproduction_File,calc.contaminant,Prey_conc_File,Contam_assim_File,Contam_trans_eff_File,Init_Pred-conc,Contam_EQ,calc.nut
Wed Dec 15 09:28:51 2021,v1.1.2,/Users/porterni/Documents/GitHub/DeadwaterPaper/analysis/Bioenergetics,FB4_Log_File.csv,50,Northern pikeminnow,User input,User run,504.4,Weight,504.4,1,92,1,6703,0.223112,126.955,504.400,1.000,504.400,126.955,0.485,0.000,Main Inputs/Temperature.csv,Main Inputs/Diet_prop.csv,Main Inputs/Prey_E.csv,1,NA,1,Main Inputs/Pred_E.csv,FALSE,NA,FALSE,NA,FALSE,NA,NA,NA,NA,NA,FALSE
Date-Time,FB4.version,FB4.File_dir,FB4_Log_File,Species_Num,Species_txt,Values_from,Run_Name,Initial_W,fit.to,fit.to.value,First_day,Last_day,N_indiv,Oxycal,p-value,Total consumption (g),Final weight (g),Pop Number,Pop Biomass (g),Cum. Cons. Pop. (g),Run time (s),OK. Energy budget balanced.,T_File,Diet_prop_File,Prey_E_File,EGEQ,Indigestible_Prey,PREDEDEQ,Predator_ED,calc.pop_mort,Mortality_File,calc.spawn,Reproduction_File,calc.contaminant,Prey_conc_File,Contam_assim_File,Contam_trans_eff_File,Init_Pred-conc,Contam_EQ,calc.nut
Wed Dec 15 09:30:19 2021,v1.1.2,/Users/porterni/Documents/GitHub/DeadwaterPaper/analysis/Bioenergetics,FB4_Log_File.csv,50,Northern pikeminnow,User input,User run,504.4,Weight,504.4,1,92,1,6703,0.284717,162.010,504.400,1.000,504.400,162.010,0.493,0.000,Main Inputs/Temperature.csv,Main Inputs/Diet_prop.csv,Main Inputs/Prey_E.csv,1,NA,1,Main Inputs/Pred_E.csv,FALSE,NA,FALSE,NA,FALSE,NA,NA,NA,NA,NA,FALSE
Date-Time,FB4.version,FB4.File_dir,FB4_Log_File,Species_Num,Species_txt,Values_from,Run_Name,Initial_W,fit.to,fit.to.value,First_day,Last_day,N_indiv,Oxycal,p-value,Total consumption (g),Final weight (g),Pop Number,Pop Biomass (g),Cum. Cons. Pop. (g),Run time (s),OK. Energy budget balanced.,T_File,Diet_prop_File,Prey_E_File,EGEQ,Indigestible_Prey,PREDEDEQ,Predator_ED,calc.pop_mort,Mortality_File,calc.spawn,Reproduction_File,calc.contaminant,Prey_conc_File,Contam_assim_File,Contam_trans_eff_File,Init_Pred-conc,Contam_EQ,calc.nut
Wed Dec 15 09:42:14 2021,v1.1.2,/Users/porterni/Documents/GitHub/DeadwaterPaper/analysis/Bioenergetics,FB4_Log_File.csv,50,Northern pikeminnow,User input,User run,504.4,Weight,504.4,1,92,1,6703,0.39332,223.808,504.400,1.000,504.400,223.808,0.430,0.000,Main Inputs/Temperature.csv,Main Inputs/Diet_prop.csv,Main Inputs/Prey_E.csv,1,NA,1,Main Inputs/Pred_E.csv,FALSE,NA,FALSE,NA,FALSE,NA,NA,NA,NA,NA,FALSE
Date-Time,FB4.version,FB4.File_dir,FB4_Log_File,Species_Num,Species_txt,Values_from,Run_Name,Initial_W,fit.to,fit.to.value,First_day,Last_day,N_indiv,Oxycal,p-value,Total consumption (g),Final weight (g),Pop Number,Pop Biomass (g),Cum. Cons. Pop. (g),Run time (s),OK. Energy budget balanced.,T_File,Diet_prop_File,Prey_E_File,EGEQ,Indigestible_Prey,PREDEDEQ,Predator_ED,calc.pop_mort,Mortality_File,calc.spawn,Reproduction_File,calc.contaminant,Prey_conc_File,Contam_assim_File,Contam_trans_eff_File,Init_Pred-conc,Contam_EQ,calc.nut
Wed Dec 15 09:44:29 2021,v1.1.2,/Users/porterni/Documents/GitHub/DeadwaterPaper/analysis/Bioenergetics,FB4_Log_File.csv,50,Northern pikeminnow,User input,User run,504.4,Weight,504.4,1,92,1,6703,0.284717,162.010,504.400,1.000,504.400,162.010,0.433,0.000,Main Inputs/Temperature.csv,Main Inputs/Diet_prop.csv,Main Inputs/Prey_E.csv,1,NA,1,Main Inputs/Pred_E.csv,FALSE,NA,FALSE,NA,FALSE,NA,NA,NA,NA,NA,FALSE
Date-Time,FB4.version,FB4.File_dir,FB4_Log_File,Species_Num,Species_txt,Values_from,Run_Name,Initial_W,fit.to,fit.to.value,First_day,Last_day,N_indiv,Oxycal,p-value,Total consumption (g),Final weight (g),Pop Number,Pop Biomass (g),Cum. Cons. Pop. (g),Run time (s),OK. Energy budget balanced.,T_File,Diet_prop_File,Prey_E_File,EGEQ,Indigestible_Prey,PREDEDEQ,Predator_ED,calc.pop_mort,Mortality_File,calc.spawn,Reproduction_File,calc.contaminant,Prey_conc_File,Contam_assim_File,Contam_trans_eff_File,Init_Pred-conc,Contam_EQ,calc.nut
Wed Dec 15 09:51:28 2021,v1.1.2,/Users/porterni/Documents/GitHub/DeadwaterPaper/analysis/Bioenergetics,FB4_Log_File.csv,50,Northern pikeminnow,User input,User run,670.5,Weight,670.5,1,77,1,6703,0.331195,228.560,670.500,1.000,670.500,228.560,0.351,0.000,Main Inputs/Temperature.csv,Main Inputs/Diet_prop.csv,Main Inputs/Prey_E.csv,1,NA,1,Main Inputs/Pred_E.csv,FALSE,NA,FALSE,NA,FALSE,NA,NA,NA,NA,NA,FALSE
Date-Time,FB4.version,FB4.File_dir,FB4_Log_File,Species_Num,Species_txt,Values_from,Run_Name,Initial_W,fit.to,fit.to.value,First_day,Last_day,N_indiv,Oxycal,p-value,Total consumption (g),Final weight (g),Pop Number,Pop Biomass (g),Cum. Cons. Pop. (g),Run time (s),OK. Energy budget balanced.,T_File,Diet_prop_File,Prey_E_File,EGEQ,Indigestible_Prey,PREDEDEQ,Predator_ED,calc.pop_mort,Mortality_File,calc.spawn,Reproduction_File,calc.contaminant,Prey_conc_File,Contam_assim_File,Contam_trans_eff_File,Init_Pred-conc,Contam_EQ,calc.nut
Wed Dec 15 09:54:36 2021,v1.1.2,/Users/porterni/Documents/GitHub/DeadwaterPaper/analysis/Bioenergetics,FB4_Log_File.csv,50,Northern pikeminnow,User input,User run,670.5,Weight,670.5,1,77,1,6703,0.081745,56.413,670.500,1.000,670.500,56.413,0.514,0.000,Main Inputs/Temperature.csv,Main Inputs/Diet_prop.csv,Main Inputs/Prey_E.csv,1,NA,1,Main Inputs/Pred_E.csv,FALSE,NA,FALSE,NA,FALSE,NA,NA,NA,NA,NA,FALSE
Date-Time,FB4.version,FB4.File_dir,FB4_Log_File,Species_Num,Species_txt,Values_from,Run_Name,Initial_W,fit.to,fit.to.value,First_day,Last_day,N_indiv,Oxycal,p-value,Total consumption (g),Final weight (g),Pop Number,Pop Biomass (g),Cum. Cons. Pop. (g),Run time (s),OK. Energy budget balanced.,T_File,Diet_prop_File,Prey_E_File,EGEQ,Indigestible_Prey,PREDEDEQ,Predator_ED,calc.pop_mort,Mortality_File,calc.spawn,Reproduction_File,calc.contaminant,Prey_conc_File,Contam_assim_File,Contam_trans_eff_File,Init_Pred-conc,Contam_EQ,calc.nut
Wed Dec 15 09:56:42 2021,v1.1.2,/Users/porterni/Documents/GitHub/DeadwaterPaper/analysis/Bioenergetics,FB4_Log_File.csv,50,Northern pikeminnow,User input,User run,670.5,Weight,670.5,1,77,1,6703,0.239746,165.450,670.500,1.000,670.500,165.450,0.325,0.000,Main Inputs/Temperature.csv,Main Inputs/Diet_prop.csv,Main Inputs/Prey_E.csv,1,NA,1,Main Inputs/Pred_E.csv,FALSE,NA,FALSE,NA,FALSE,NA,NA,NA,NA,NA,FALSE
Date-Time,FB4.version,FB4.File_dir,FB4_Log_File,Species_Num,Species_txt,Values_from,Run_Name,Initial_W,fit.to,fit.to.value,First_day,Last_day,N_indiv,Oxycal,p-value,Total consumption (g),Final weight (g),Pop Number,Pop Biomass (g),Cum. Cons. Pop. (g),Run time (s),OK. Energy budget balanced.,T_File,Diet_prop_File,Prey_E_File,EGEQ,Indigestible_Prey,PREDEDEQ,Predator_ED,calc.pop_mort,Mortality_File,calc.spawn,Reproduction_File,calc.contaminant,Prey_conc_File,Contam_assim_File,Contam_trans_eff_File,Init_Pred-conc,Contam_EQ,calc.nut
Wed Dec 15 10:05:46 2021,v1.1.2,/Users/porterni/Documents/GitHub/DeadwaterPaper/analysis/Bioenergetics,FB4_Log_File.csv,50,Northern pikeminnow,User input,User run,670.5,Weight,670.5,1,77,1,6703,0.090241,62.276,670.500,1.000,670.500,62.276,0.341,0.000,Main Inputs/Temperature.csv,Main Inputs/Diet_prop.csv,Main Inputs/Prey_E.csv,1,NA,1,Main Inputs/Pred_E.csv,FALSE,NA,FALSE,NA,FALSE,NA,NA,NA,NA,NA,FALSE
Date-Time,FB4.version,FB4.File_dir,FB4_Log_File,Species_Num,Species_txt,Values_from,Run_Name,Initial_W,fit.to,fit.to.value,First_day,Last_day,N_indiv,Oxycal,p-value,Total consumption (g),Final weight (g),Pop Number,Pop Biomass (g),Cum. Cons. Pop. (g),Run time (s),OK. Energy budget balanced.,T_File,Diet_prop_File,Prey_E_File,EGEQ,Indigestible_Prey,PREDEDEQ,Predator_ED,calc.pop_mort,Mortality_File,calc.spawn,Reproduction_File,calc.contaminant,Prey_conc_File,Contam_assim_File,Contam_trans_eff_File,Init_Pred-conc,Contam_EQ,calc.nut
Wed Dec 15 10:08:49 2021,v1.1.2,/Users/porterni/Documents/GitHub/DeadwaterPaper/analysis/Bioenergetics,FB4_Log_File.csv,50,Northern pikeminnow,User input,User run,670.5,Weight,670.5,1,77,1,6703,0.100708,69.500,670.500,1.000,670.500,69.500,0.399,0.000,Main Inputs/Temperature.csv,Main Inputs/Diet_prop.csv,Main Inputs/Prey_E.csv,1,NA,1,Main Inputs/Pred_E.csv,FALSE,NA,FALSE,NA,FALSE,NA,NA,NA,NA,NA,FALSE
Date-Time,FB4.version,FB4.File_dir,FB4_Log_File,Species_Num,Species_txt,Values_from,Run_Name,Initial_W,fit.to,fit.to.value,First_day,Last_day,N_indiv,Oxycal,p-value,Total consumption (g),Final weight (g),Pop Number,Pop Biomass (g),Cum. Cons. Pop. (g),Run time (s),OK. Energy budget balanced.,T_File,Diet_prop_File,Prey_E_File,EGEQ,Indigestible_Prey,PREDEDEQ,Predator_ED,calc.pop_mort,Mortality_File,calc.spawn,Reproduction_File,calc.contaminant,Prey_conc_File,Contam_assim_File,Contam_trans_eff_File,Init_Pred-conc,Contam_EQ,calc.nut
Wed Dec 15 10:31:51 2021,v1.1.2,/Users/porterni/Documents/GitHub/DeadwaterPaper/analysis/Bioenergetics,FB4_Log_File.csv,50,Northern pikeminnow,User input,User run,670.5,Consumption,670.3,1,77,1,6703,0.71959,670.300,1386.679,1.000,1386.679,670.300,0.359,0.000,Main Inputs/Temperature.csv,Main Inputs/Diet_prop.csv,Main Inputs/Prey_E.csv,1,NA,1,Main Inputs/Pred_E.csv,FALSE,NA,FALSE,NA,FALSE,NA,NA,NA,NA,NA,FALSE
Date-Time,FB4.version,FB4.File_dir,FB4_Log_File,Species_Num,Species_txt,Values_from,Run_Name,Initial_W,fit.to,fit.to.value,First_day,Last_day,N_indiv,Oxycal,p-value,Total consumption (g),Final weight (g),Pop Number,Pop Biomass (g),Cum. Cons. Pop. (g),Run time (s),OK. Energy budget balanced.,T_File,Diet_prop_File,Prey_E_File,EGEQ,Indigestible_Prey,PREDEDEQ,Predator_ED,calc.pop_mort,Mortality_File,calc.spawn,Reproduction_File,calc.contaminant,Prey_conc_File,Contam_assim_File,Contam_trans_eff_File,Init_Pred-conc,Contam_EQ,calc.nut
Wed Dec 15 10:32:27 2021,v1.1.2,/Users/porterni/Documents/GitHub/DeadwaterPaper/analysis/Bioenergetics,FB4_Log_File.csv,50,Northern pikeminnow,User input,User run,670.5,Weight,670.3,1,77,1,6703,0.113693,78.451,670.300,1.000,670.300,78.451,0.335,0.000,Main Inputs/Temperature.csv,Main Inputs/Diet_prop.csv,Main Inputs/Prey_E.csv,1,NA,1,Main Inputs/Pred_E.csv,FALSE,NA,FALSE,NA,FALSE,NA,NA,NA,NA,NA,FALSE
Date-Time,FB4.version,FB4.File_dir,FB4_Log_File,Species_Num,Species_txt,Values_from,Run_Name,Initial_W,fit.to,fit.to.value,First_day,Last_day,N_indiv,Oxycal,p-value,Total consumption (g),Final weight (g),Pop Number,Pop Biomass (g),Cum. Cons. Pop. (g),Run time (s),OK. Energy budget balanced.,T_File,Diet_prop_File,Prey_E_File,EGEQ,Indigestible_Prey,PREDEDEQ,Predator_ED,calc.pop_mort,Mortality_File,calc.spawn,Reproduction_File,calc.contaminant,Prey_conc_File,Contam_assim_File,Contam_trans_eff_File,Init_Pred-conc,Contam_EQ,calc.nut
Wed Dec 15 10:35:43 2021,v1.1.2,/Users/porterni/Documents/GitHub/DeadwaterPaper/analysis/Bioenergetics,FB4_Log_File.csv,50,Northern pikeminnow,User input,User run,670.5,Weight,670.5,1,77,1,6703,0.131126,90.491,670.500,1.000,670.500,90.491,0.335,0.000,Main Inputs/Temperature.csv,Main Inputs/Diet_prop.csv,Main Inputs/Prey_E.csv,1,NA,1,Main Inputs/Pred_E.csv,FALSE,NA,FALSE,NA,FALSE,NA,NA,NA,NA,NA,FALSE
Date-Time,FB4.version,FB4.File_dir,FB4_Log_File,Species_Num,Species_txt,Values_from,Run_Name,Initial_W,fit.to,fit.to.value,First_day,Last_day,N_indiv,Oxycal,p-value,Total consumption (g),Final weight (g),Pop Number,Pop Biomass (g),Cum. Cons. Pop. (g),Run time (s),OK. Energy budget balanced.,T_File,Diet_prop_File,Prey_E_File,EGEQ,Indigestible_Prey,PREDEDEQ,Predator_ED,calc.pop_mort,Mortality_File,calc.spawn,Reproduction_File,calc.contaminant,Prey_conc_File,Contam_assim_File,Contam_trans_eff_File,Init_Pred-conc,Contam_EQ,calc.nut
Wed Dec 15 10:38:17 2021,v1.1.2,/Users/porterni/Documents/GitHub/DeadwaterPaper/analysis/Bioenergetics,FB4_Log_File.csv,50,Northern pikeminnow,User input,User run,670.5,Weight,670.5,1,77,1,6703,0.154452,106.588,670.500,1.000,670.500,106.588,0.359,0.000,Main Inputs/Temperature.csv,Main Inputs/Diet_prop.csv,Main Inputs/Prey_E.csv,1,NA,1,Main Inputs/Pred_E.csv,FALSE,NA,FALSE,NA,FALSE,NA,NA,NA,NA,NA,FALSE
Date-Time,FB4.version,FB4.File_dir,FB4_Log_File,Species_Num,Species_txt,Values_from,Run_Name,Initial_W,fit.to,fit.to.value,First_day,Last_day,N_indiv,Oxycal,p-value,Total consumption (g),Final weight (g),Pop Number,Pop Biomass (g),Cum. Cons. Pop. (g),Run time (s),OK. Energy budget balanced.,T_File,Diet_prop_File,Prey_E_File,EGEQ,Indigestible_Prey,PREDEDEQ,Predator_ED,calc.pop_mort,Mortality_File,calc.spawn,Reproduction_File,calc.contaminant,Prey_conc_File,Contam_assim_File,Contam_trans_eff_File,Init_Pred-conc,Contam_EQ,calc.nut
Wed Dec 15 10:40:31 2021,v1.1.2,/Users/porterni/Documents/GitHub/DeadwaterPaper/analysis/Bioenergetics,FB4_Log_File.csv,50,Northern pikeminnow,User input,User run,670.5,Weight,670.5,1,77,1,6703,0.187871,129.651,670.500,1.000,670.500,129.651,0.363,0.000,Main Inputs/Temperature.csv,Main Inputs/Diet_prop.csv,Main Inputs/Prey_E.csv,1,NA,1,Main Inputs/Pred_E.csv,FALSE,NA,FALSE,NA,FALSE,NA,NA,NA,NA,NA,FALSE
Date-Time,FB4.version,FB4.File_dir,FB4_Log_File,Species_Num,Species_txt,Values_from,Run_Name,Initial_W,fit.to,fit.to.value,First_day,Last_day,N_indiv,Oxycal,p-value,Total consumption (g),Final weight (g),Pop Number,Pop Biomass (g),Cum. Cons. Pop. (g),Run time (s),OK. Energy budget balanced.,T_File,Diet_prop_File,Prey_E_File,EGEQ,Indigestible_Prey,PREDEDEQ,Predator_ED,calc.pop_mort,Mortality_File,calc.spawn,Reproduction_File,calc.contaminant,Prey_conc_File,Contam_assim_File,Contam_trans_eff_File,Init_Pred-conc,Contam_EQ,calc.nut
Wed Dec 15 10:42:10 2021,v1.1.2,/Users/porterni/Documents/GitHub/DeadwaterPaper/analysis/Bioenergetics,FB4_Log_File.csv,50,Northern pikeminnow,User input,User run,670.5,Weight,670.5,1,77,1,6703,0.239746,165.450,670.500,1.000,670.500,165.450,0.375,0.000,Main Inputs/Temperature.csv,Main Inputs/Diet_prop.csv,Main Inputs/Prey_E.csv,1,NA,1,Main Inputs/Pred_E.csv,FALSE,NA,FALSE,NA,FALSE,NA,NA,NA,NA,NA,FALSE
